Country Name,Country Code,Year,fertility
Afghanistan,AFG,1990,7.466
Afghanistan,AFG,2000,7.485
Afghanistan,AFG,2010,5.977
Afghanistan,AFG,2011,5.77
Afghanistan,AFG,2012,5.562
Afghanistan,AFG,2013,5.359
Afghanistan,AFG,2014,5.163
Afghanistan,AFG,2015,4.976
Afghanistan,AFG,2016,4.8
Afghanistan,AFG,2017,4.633
Afghanistan,AFG,2018,4.473
Afghanistan,AFG,2019,..
Albania,ALB,1990,2.978
Albania,ALB,2000,2.157
Albania,ALB,2010,1.66
Albania,ALB,2011,1.673
Albania,ALB,2012,1.684
Albania,ALB,2013,1.69
Albania,ALB,2014,1.688
Albania,ALB,2015,1.677
Albania,ALB,2016,1.659
Albania,ALB,2017,1.638
Albania,ALB,2018,1.617
Albania,ALB,2019,..
Algeria,DZA,1990,4.726
Algeria,DZA,2000,2.514
Algeria,DZA,2010,2.86
Algeria,DZA,2011,2.909
Algeria,DZA,2012,2.952
Algeria,DZA,2013,2.99
Algeria,DZA,2014,3.022
Algeria,DZA,2015,3.043
Algeria,DZA,2016,3.052
Algeria,DZA,2017,3.045
Algeria,DZA,2018,3.023
Algeria,DZA,2019,..
American Samoa,ASM,1990,..
American Samoa,ASM,2000,..
American Samoa,ASM,2010,..
American Samoa,ASM,2011,..
American Samoa,ASM,2012,..
American Samoa,ASM,2013,..
American Samoa,ASM,2014,..
American Samoa,ASM,2015,..
American Samoa,ASM,2016,..
American Samoa,ASM,2017,..
American Samoa,ASM,2018,..
American Samoa,ASM,2019,..
Andorra,AND,1990,..
Andorra,AND,2000,..
Andorra,AND,2010,1.27
Andorra,AND,2011,..
Andorra,AND,2012,..
Andorra,AND,2013,..
Andorra,AND,2014,..
Andorra,AND,2015,..
Andorra,AND,2016,..
Andorra,AND,2017,..
Andorra,AND,2018,..
Andorra,AND,2019,..
Angola,AGO,1990,7.272
Angola,AGO,2000,6.639
Angola,AGO,2010,6.194
Angola,AGO,2011,6.12
Angola,AGO,2012,6.039
Angola,AGO,2013,5.953
Angola,AGO,2014,5.864
Angola,AGO,2015,5.774
Angola,AGO,2016,5.686
Angola,AGO,2017,5.6
Angola,AGO,2018,5.519
Angola,AGO,2019,..
Antigua and Barbuda,ATG,1990,2.067
Antigua and Barbuda,ATG,2000,2.2
Antigua and Barbuda,ATG,2010,1.988
Antigua and Barbuda,ATG,2011,1.989
Antigua and Barbuda,ATG,2012,1.993
Antigua and Barbuda,ATG,2013,1.998
Antigua and Barbuda,ATG,2014,2.001
Antigua and Barbuda,ATG,2015,2.003
Antigua and Barbuda,ATG,2016,2.003
Antigua and Barbuda,ATG,2017,1.999
Antigua and Barbuda,ATG,2018,1.994
Antigua and Barbuda,ATG,2019,..
Argentina,ARG,1990,2.997
Argentina,ARG,2000,2.542
Argentina,ARG,2010,2.346
Argentina,ARG,2011,2.338
Argentina,ARG,2012,2.33
Argentina,ARG,2013,2.322
Argentina,ARG,2014,2.312
Argentina,ARG,2015,2.301
Argentina,ARG,2016,2.288
Argentina,ARG,2017,2.275
Argentina,ARG,2018,2.261
Argentina,ARG,2019,..
Armenia,ARM,1990,2.544
Armenia,ARM,2000,1.648
Armenia,ARM,2010,1.722
Armenia,ARM,2011,1.724
Armenia,ARM,2012,1.725
Armenia,ARM,2013,1.728
Armenia,ARM,2014,1.732
Armenia,ARM,2015,1.738
Armenia,ARM,2016,1.744
Armenia,ARM,2017,1.75
Armenia,ARM,2018,1.755
Armenia,ARM,2019,..
Aruba,ABW,1990,2.249
Aruba,ABW,2000,1.872
Aruba,ABW,2010,1.768
Aruba,ABW,2011,1.779
Aruba,ABW,2012,1.795
Aruba,ABW,2013,1.813
Aruba,ABW,2014,1.834
Aruba,ABW,2015,1.854
Aruba,ABW,2016,1.872
Aruba,ABW,2017,1.886
Aruba,ABW,2018,1.896
Aruba,ABW,2019,..
Australia,AUS,1990,1.902
Australia,AUS,2000,1.756
Australia,AUS,2010,1.928
Australia,AUS,2011,1.926
Australia,AUS,2012,1.92
Australia,AUS,2013,1.855
Australia,AUS,2014,1.826
Australia,AUS,2015,1.814
Australia,AUS,2016,1.752
Australia,AUS,2017,1.741
Australia,AUS,2018,1.74
Australia,AUS,2019,..
Austria,AUT,1990,1.46
Austria,AUT,2000,1.36
Austria,AUT,2010,1.44
Austria,AUT,2011,1.43
Austria,AUT,2012,1.44
Austria,AUT,2013,1.44
Austria,AUT,2014,1.46
Austria,AUT,2015,1.49
Austria,AUT,2016,1.53
Austria,AUT,2017,1.52
Austria,AUT,2018,1.47
Austria,AUT,2019,..
Azerbaijan,AZE,1990,2.74
Azerbaijan,AZE,2000,2
Azerbaijan,AZE,2010,1.92
Azerbaijan,AZE,2011,1.96
Azerbaijan,AZE,2012,2
Azerbaijan,AZE,2013,1.98
Azerbaijan,AZE,2014,1.97
Azerbaijan,AZE,2015,1.94
Azerbaijan,AZE,2016,1.9
Azerbaijan,AZE,2017,1.75
Azerbaijan,AZE,2018,1.73
Azerbaijan,AZE,2019,..
"Bahamas, The",BHS,1990,2.64
"Bahamas, The",BHS,2000,2.073
"Bahamas, The",BHS,2010,1.865
"Bahamas, The",BHS,2011,1.847
"Bahamas, The",BHS,2012,1.828
"Bahamas, The",BHS,2013,1.81
"Bahamas, The",BHS,2014,1.794
"Bahamas, The",BHS,2015,1.782
"Bahamas, The",BHS,2016,1.771
"Bahamas, The",BHS,2017,1.762
"Bahamas, The",BHS,2018,1.752
"Bahamas, The",BHS,2019,..
Bahrain,BHR,1990,3.732
Bahrain,BHR,2000,2.795
Bahrain,BHR,2010,2.164
Bahrain,BHR,2011,2.139
Bahrain,BHR,2012,2.118
Bahrain,BHR,2013,2.098
Bahrain,BHR,2014,2.078
Bahrain,BHR,2015,2.056
Bahrain,BHR,2016,2.033
Bahrain,BHR,2017,2.01
Bahrain,BHR,2018,1.987
Bahrain,BHR,2019,..
Bangladesh,BGD,1990,4.495
Bangladesh,BGD,2000,3.169
Bangladesh,BGD,2010,2.324
Bangladesh,BGD,2011,2.273
Bangladesh,BGD,2012,2.228
Bangladesh,BGD,2013,2.188
Bangladesh,BGD,2014,2.152
Bangladesh,BGD,2015,2.12
Bangladesh,BGD,2016,2.09
Bangladesh,BGD,2017,2.062
Bangladesh,BGD,2018,2.036
Bangladesh,BGD,2019,..
Barbados,BRB,1990,1.74
Barbados,BRB,2000,1.775
Barbados,BRB,2010,1.687
Barbados,BRB,2011,1.665
Barbados,BRB,2012,1.645
Barbados,BRB,2013,1.63
Barbados,BRB,2014,1.62
Barbados,BRB,2015,1.614
Barbados,BRB,2016,1.613
Barbados,BRB,2017,1.615
Barbados,BRB,2018,1.619
Barbados,BRB,2019,..
Belarus,BLR,1990,1.913
Belarus,BLR,2000,1.317
Belarus,BLR,2010,1.494
Belarus,BLR,2011,1.515
Belarus,BLR,2012,1.62
Belarus,BLR,2013,1.668
Belarus,BLR,2014,1.696
Belarus,BLR,2015,1.724
Belarus,BLR,2016,1.733
Belarus,BLR,2017,1.541
Belarus,BLR,2018,1.448
Belarus,BLR,2019,..
Belgium,BEL,1990,1.62
Belgium,BEL,2000,1.67
Belgium,BEL,2010,1.86
Belgium,BEL,2011,1.81
Belgium,BEL,2012,1.8
Belgium,BEL,2013,1.76
Belgium,BEL,2014,1.74
Belgium,BEL,2015,1.7
Belgium,BEL,2016,1.68
Belgium,BEL,2017,1.65
Belgium,BEL,2018,1.62
Belgium,BEL,2019,..
Belize,BLZ,1990,4.508
Belize,BLZ,2000,3.601
Belize,BLZ,2010,2.69
Belize,BLZ,2011,2.638
Belize,BLZ,2012,2.588
Belize,BLZ,2013,2.539
Belize,BLZ,2014,2.489
Belize,BLZ,2015,2.439
Belize,BLZ,2016,2.391
Belize,BLZ,2017,2.346
Belize,BLZ,2018,2.307
Belize,BLZ,2019,..
Benin,BEN,1990,6.744
Benin,BEN,2000,5.962
Benin,BEN,2010,5.362
Benin,BEN,2011,5.305
Benin,BEN,2012,5.246
Benin,BEN,2013,5.183
Benin,BEN,2014,5.116
Benin,BEN,2015,5.047
Benin,BEN,2016,4.977
Benin,BEN,2017,4.906
Benin,BEN,2018,4.836
Benin,BEN,2019,..
Bermuda,BMU,1990,..
Bermuda,BMU,2000,1.74
Bermuda,BMU,2010,1.76
Bermuda,BMU,2011,1.59
Bermuda,BMU,2012,1.59
Bermuda,BMU,2013,1.63
Bermuda,BMU,2014,1.63
Bermuda,BMU,2015,1.62
Bermuda,BMU,2016,1.61
Bermuda,BMU,2017,1.6
Bermuda,BMU,2018,1.6
Bermuda,BMU,2019,..
Bhutan,BTN,1990,5.493
Bhutan,BTN,2000,3.515
Bhutan,BTN,2010,2.301
Bhutan,BTN,2011,2.224
Bhutan,BTN,2012,2.159
Bhutan,BTN,2013,2.107
Bhutan,BTN,2014,2.067
Bhutan,BTN,2015,2.037
Bhutan,BTN,2016,2.014
Bhutan,BTN,2017,1.994
Bhutan,BTN,2018,1.975
Bhutan,BTN,2019,..
Bolivia,BOL,1990,4.89
Bolivia,BOL,2000,4.051
Bolivia,BOL,2010,3.213
Bolivia,BOL,2011,3.143
Bolivia,BOL,2012,3.076
Bolivia,BOL,2013,3.01
Bolivia,BOL,2014,2.947
Bolivia,BOL,2015,2.886
Bolivia,BOL,2016,2.829
Bolivia,BOL,2017,2.777
Bolivia,BOL,2018,2.73
Bolivia,BOL,2019,..
Bosnia and Herzegovina,BIH,1990,1.772
Bosnia and Herzegovina,BIH,2000,1.497
Bosnia and Herzegovina,BIH,2010,1.315
Bosnia and Herzegovina,BIH,2011,1.315
Bosnia and Herzegovina,BIH,2012,1.313
Bosnia and Herzegovina,BIH,2013,1.309
Bosnia and Herzegovina,BIH,2014,1.303
Bosnia and Herzegovina,BIH,2015,1.296
Bosnia and Herzegovina,BIH,2016,1.286
Bosnia and Herzegovina,BIH,2017,1.276
Bosnia and Herzegovina,BIH,2018,1.265
Bosnia and Herzegovina,BIH,2019,..
Botswana,BWA,1990,4.485
Botswana,BWA,2000,3.304
Botswana,BWA,2010,3.022
Botswana,BWA,2011,3.017
Botswana,BWA,2012,3.011
Botswana,BWA,2013,3.002
Botswana,BWA,2014,2.988
Botswana,BWA,2015,2.968
Botswana,BWA,2016,2.942
Botswana,BWA,2017,2.91
Botswana,BWA,2018,2.874
Botswana,BWA,2019,..
Brazil,BRA,1990,2.902
Brazil,BRA,2000,2.3
Brazil,BRA,2010,1.796
Brazil,BRA,2011,1.781
Brazil,BRA,2012,1.771
Brazil,BRA,2013,1.764
Brazil,BRA,2014,1.758
Brazil,BRA,2015,1.753
Brazil,BRA,2016,1.747
Brazil,BRA,2017,1.739
Brazil,BRA,2018,1.73
Brazil,BRA,2019,..
British Virgin Islands,VGB,1990,..
British Virgin Islands,VGB,2000,..
British Virgin Islands,VGB,2010,..
British Virgin Islands,VGB,2011,..
British Virgin Islands,VGB,2012,..
British Virgin Islands,VGB,2013,..
British Virgin Islands,VGB,2014,..
British Virgin Islands,VGB,2015,..
British Virgin Islands,VGB,2016,..
British Virgin Islands,VGB,2017,..
British Virgin Islands,VGB,2018,..
British Virgin Islands,VGB,2019,..
Brunei Darussalam,BRN,1990,3.29
Brunei Darussalam,BRN,2000,2.346
Brunei Darussalam,BRN,2010,1.937
Brunei Darussalam,BRN,2011,1.957
Brunei Darussalam,BRN,2012,1.973
Brunei Darussalam,BRN,2013,1.978
Brunei Darussalam,BRN,2014,1.969
Brunei Darussalam,BRN,2015,1.947
Brunei Darussalam,BRN,2016,1.915
Brunei Darussalam,BRN,2017,1.881
Brunei Darussalam,BRN,2018,1.848
Brunei Darussalam,BRN,2019,..
Bulgaria,BGR,1990,1.82
Bulgaria,BGR,2000,1.26
Bulgaria,BGR,2010,1.57
Bulgaria,BGR,2011,1.51
Bulgaria,BGR,2012,1.5
Bulgaria,BGR,2013,1.48
Bulgaria,BGR,2014,1.53
Bulgaria,BGR,2015,1.53
Bulgaria,BGR,2016,1.54
Bulgaria,BGR,2017,1.56
Bulgaria,BGR,2018,1.56
Bulgaria,BGR,2019,..
Burkina Faso,BFA,1990,7.007
Burkina Faso,BFA,2000,6.592
Burkina Faso,BFA,2010,5.867
Burkina Faso,BFA,2011,5.781
Burkina Faso,BFA,2012,5.693
Burkina Faso,BFA,2013,5.606
Burkina Faso,BFA,2014,5.521
Burkina Faso,BFA,2015,5.436
Burkina Faso,BFA,2016,5.353
Burkina Faso,BFA,2017,5.271
Burkina Faso,BFA,2018,5.189
Burkina Faso,BFA,2019,..
Burundi,BDI,1990,7.405
Burundi,BDI,2000,6.92
Burundi,BDI,2010,6.179
Burundi,BDI,2011,6.088
Burundi,BDI,2012,5.994
Burundi,BDI,2013,5.897
Burundi,BDI,2014,5.797
Burundi,BDI,2015,5.697
Burundi,BDI,2016,5.599
Burundi,BDI,2017,5.502
Burundi,BDI,2018,5.41
Burundi,BDI,2019,..
Cabo Verde,CPV,1990,5.392
Cabo Verde,CPV,2000,3.539
Cabo Verde,CPV,2010,2.581
Cabo Verde,CPV,2011,2.539
Cabo Verde,CPV,2012,2.5
Cabo Verde,CPV,2013,2.463
Cabo Verde,CPV,2014,2.425
Cabo Verde,CPV,2015,2.385
Cabo Verde,CPV,2016,2.346
Cabo Verde,CPV,2017,2.309
Cabo Verde,CPV,2018,2.274
Cabo Verde,CPV,2019,..
Cambodia,KHM,1990,5.601
Cambodia,KHM,2000,3.805
Cambodia,KHM,2010,2.875
Cambodia,KHM,2011,2.804
Cambodia,KHM,2012,2.739
Cambodia,KHM,2013,2.682
Cambodia,KHM,2014,2.633
Cambodia,KHM,2015,2.593
Cambodia,KHM,2016,2.559
Cambodia,KHM,2017,2.53
Cambodia,KHM,2018,2.503
Cambodia,KHM,2019,..
Cameroon,CMR,1990,6.436
Cameroon,CMR,2000,5.58
Cameroon,CMR,2010,5.111
Cameroon,CMR,2011,5.049
Cameroon,CMR,2012,4.984
Cameroon,CMR,2013,4.916
Cameroon,CMR,2014,4.847
Cameroon,CMR,2015,4.777
Cameroon,CMR,2016,4.708
Cameroon,CMR,2017,4.639
Cameroon,CMR,2018,4.572
Cameroon,CMR,2019,..
Canada,CAN,1990,1.83
Canada,CAN,2000,1.488
Canada,CAN,2010,1.6269
Canada,CAN,2011,1.61
Canada,CAN,2012,1.6142
Canada,CAN,2013,1.587
Canada,CAN,2014,1.5818
Canada,CAN,2015,1.563
Canada,CAN,2016,1.5433
Canada,CAN,2017,1.4961
Canada,CAN,2018,1.4988
Canada,CAN,2019,..
Cayman Islands,CYM,1990,..
Cayman Islands,CYM,2000,..
Cayman Islands,CYM,2010,..
Cayman Islands,CYM,2011,..
Cayman Islands,CYM,2012,..
Cayman Islands,CYM,2013,..
Cayman Islands,CYM,2014,..
Cayman Islands,CYM,2015,..
Cayman Islands,CYM,2016,..
Cayman Islands,CYM,2017,..
Cayman Islands,CYM,2018,..
Cayman Islands,CYM,2019,..
Central African Republic,CAF,1990,5.811
Central African Republic,CAF,2000,5.5
Central African Republic,CAF,2010,5.215
Central African Republic,CAF,2011,5.172
Central African Republic,CAF,2012,5.123
Central African Republic,CAF,2013,5.068
Central African Republic,CAF,2014,5.007
Central African Republic,CAF,2015,4.941
Central African Republic,CAF,2016,4.87
Central African Republic,CAF,2017,4.796
Central African Republic,CAF,2018,4.721
Central African Republic,CAF,2019,..
Chad,TCD,1990,7.313
Chad,TCD,2000,7.354
Chad,TCD,2010,6.592
Chad,TCD,2011,6.482
Chad,TCD,2012,6.372
Chad,TCD,2013,6.262
Chad,TCD,2014,6.154
Chad,TCD,2015,6.049
Chad,TCD,2016,5.947
Chad,TCD,2017,5.846
Chad,TCD,2018,5.747
Chad,TCD,2019,..
Channel Islands,CHI,1990,1.483
Channel Islands,CHI,2000,1.526
Channel Islands,CHI,2010,1.585
Channel Islands,CHI,2011,1.586
Channel Islands,CHI,2012,1.58
Channel Islands,CHI,2013,1.569
Channel Islands,CHI,2014,1.556
Channel Islands,CHI,2015,1.541
Channel Islands,CHI,2016,1.527
Channel Islands,CHI,2017,1.516
Channel Islands,CHI,2018,1.51
Channel Islands,CHI,2019,..
Chile,CHL,1990,2.579
Chile,CHL,2000,2.055
Chile,CHL,2010,1.884
Chile,CHL,2011,1.87
Chile,CHL,2012,1.849
Chile,CHL,2013,1.821
Chile,CHL,2014,1.787
Chile,CHL,2015,1.75
Chile,CHL,2016,1.713
Chile,CHL,2017,1.678
Chile,CHL,2018,1.649
Chile,CHL,2019,..
China,CHN,1990,2.309
China,CHN,2000,1.596
China,CHN,2010,1.627
China,CHN,2011,1.632
China,CHN,2012,1.639
China,CHN,2013,1.647
China,CHN,2014,1.656
China,CHN,2015,1.665
China,CHN,2016,1.675
China,CHN,2017,1.683
China,CHN,2018,1.69
China,CHN,2019,..
Colombia,COL,1990,3.082
Colombia,COL,2000,2.572
Colombia,COL,2010,1.992
Colombia,COL,2011,1.958
Colombia,COL,2012,1.93
Colombia,COL,2013,1.905
Colombia,COL,2014,1.883
Colombia,COL,2015,1.863
Colombia,COL,2016,1.843
Colombia,COL,2017,1.825
Colombia,COL,2018,1.807
Colombia,COL,2019,..
Comoros,COM,1990,6.412
Comoros,COM,2000,5.384
Comoros,COM,2010,4.754
Comoros,COM,2011,4.693
Comoros,COM,2012,4.628
Comoros,COM,2013,4.561
Comoros,COM,2014,4.491
Comoros,COM,2015,4.419
Comoros,COM,2016,4.347
Comoros,COM,2017,4.275
Comoros,COM,2018,4.205
Comoros,COM,2019,..
"Congo, Dem. Rep.",COD,1990,6.746
"Congo, Dem. Rep.",COD,2000,6.751
"Congo, Dem. Rep.",COD,2010,6.544
"Congo, Dem. Rep.",COD,2011,6.493
"Congo, Dem. Rep.",COD,2012,6.432
"Congo, Dem. Rep.",COD,2013,6.363
"Congo, Dem. Rep.",COD,2014,6.287
"Congo, Dem. Rep.",COD,2015,6.203
"Congo, Dem. Rep.",COD,2016,6.112
"Congo, Dem. Rep.",COD,2017,6.017
"Congo, Dem. Rep.",COD,2018,5.919
"Congo, Dem. Rep.",COD,2019,..
"Congo, Rep.",COG,1990,5.119
"Congo, Rep.",COG,2000,4.871
"Congo, Rep.",COG,2010,4.765
"Congo, Rep.",COG,2011,4.742
"Congo, Rep.",COG,2012,4.712
"Congo, Rep.",COG,2013,4.676
"Congo, Rep.",COG,2014,4.634
"Congo, Rep.",COG,2015,4.587
"Congo, Rep.",COG,2016,4.536
"Congo, Rep.",COG,2017,4.482
"Congo, Rep.",COG,2018,4.428
"Congo, Rep.",COG,2019,..
Costa Rica,CRI,1990,3.264
Costa Rica,CRI,2000,2.363
Costa Rica,CRI,2010,1.885
Costa Rica,CRI,2011,1.869
Costa Rica,CRI,2012,1.853
Costa Rica,CRI,2013,1.838
Costa Rica,CRI,2014,1.823
Costa Rica,CRI,2015,1.806
Costa Rica,CRI,2016,1.789
Costa Rica,CRI,2017,1.772
Costa Rica,CRI,2018,1.754
Costa Rica,CRI,2019,..
Cote d'Ivoire,CIV,1990,6.622
Cote d'Ivoire,CIV,2000,5.87
Cote d'Ivoire,CIV,2010,5.088
Cote d'Ivoire,CIV,2011,5.029
Cote d'Ivoire,CIV,2012,4.974
Cote d'Ivoire,CIV,2013,4.92
Cote d'Ivoire,CIV,2014,4.867
Cote d'Ivoire,CIV,2015,4.813
Cote d'Ivoire,CIV,2016,4.759
Cote d'Ivoire,CIV,2017,4.704
Cote d'Ivoire,CIV,2018,4.649
Cote d'Ivoire,CIV,2019,..
Croatia,HRV,1990,1.63
Croatia,HRV,2000,1.39
Croatia,HRV,2010,1.55
Croatia,HRV,2011,1.48
Croatia,HRV,2012,1.51
Croatia,HRV,2013,1.46
Croatia,HRV,2014,1.46
Croatia,HRV,2015,1.4
Croatia,HRV,2016,1.42
Croatia,HRV,2017,1.42
Croatia,HRV,2018,1.47
Croatia,HRV,2019,..
Cuba,CUB,1990,1.714
Cuba,CUB,2000,1.603
Cuba,CUB,2010,1.647
Cuba,CUB,2011,1.668
Cuba,CUB,2012,1.683
Cuba,CUB,2013,1.689
Cuba,CUB,2014,1.686
Cuba,CUB,2015,1.674
Cuba,CUB,2016,1.656
Cuba,CUB,2017,1.637
Cuba,CUB,2018,1.618
Cuba,CUB,2019,..
Curacao,CUW,1990,..
Curacao,CUW,2000,..
Curacao,CUW,2010,2.2
Curacao,CUW,2011,2.1
Curacao,CUW,2012,2.2
Curacao,CUW,2013,2.1
Curacao,CUW,2014,2
Curacao,CUW,2015,1.9
Curacao,CUW,2016,1.7
Curacao,CUW,2017,1.5
Curacao,CUW,2018,1.7
Curacao,CUW,2019,..
Cyprus,CYP,1990,2.411
Cyprus,CYP,2000,1.716
Cyprus,CYP,2010,1.424
Cyprus,CYP,2011,1.406
Cyprus,CYP,2012,1.39
Cyprus,CYP,2013,1.376
Cyprus,CYP,2014,1.364
Cyprus,CYP,2015,1.354
Cyprus,CYP,2016,1.345
Cyprus,CYP,2017,1.337
Cyprus,CYP,2018,1.329
Cyprus,CYP,2019,..
Czech Republic,CZE,1990,1.9
Czech Republic,CZE,2000,1.15
Czech Republic,CZE,2010,1.51
Czech Republic,CZE,2011,1.43
Czech Republic,CZE,2012,1.45
Czech Republic,CZE,2013,1.46
Czech Republic,CZE,2014,1.53
Czech Republic,CZE,2015,1.57
Czech Republic,CZE,2016,1.63
Czech Republic,CZE,2017,1.69
Czech Republic,CZE,2018,1.71
Czech Republic,CZE,2019,..
Denmark,DNK,1990,1.67
Denmark,DNK,2000,1.77
Denmark,DNK,2010,1.87
Denmark,DNK,2011,1.75
Denmark,DNK,2012,1.73
Denmark,DNK,2013,1.67
Denmark,DNK,2014,1.69
Denmark,DNK,2015,1.71
Denmark,DNK,2016,1.79
Denmark,DNK,2017,1.75
Denmark,DNK,2018,1.73
Denmark,DNK,2019,..
Djibouti,DJI,1990,6.073
Djibouti,DJI,2000,4.484
Djibouti,DJI,2010,3.3
Djibouti,DJI,2011,3.213
Djibouti,DJI,2012,3.131
Djibouti,DJI,2013,3.054
Djibouti,DJI,2014,2.981
Djibouti,DJI,2015,2.912
Djibouti,DJI,2016,2.846
Djibouti,DJI,2017,2.785
Djibouti,DJI,2018,2.728
Djibouti,DJI,2019,..
Dominica,DMA,1990,..
Dominica,DMA,2000,..
Dominica,DMA,2010,..
Dominica,DMA,2011,..
Dominica,DMA,2012,..
Dominica,DMA,2013,..
Dominica,DMA,2014,..
Dominica,DMA,2015,..
Dominica,DMA,2016,..
Dominica,DMA,2017,..
Dominica,DMA,2018,..
Dominica,DMA,2019,..
Dominican Republic,DOM,1990,3.411
Dominican Republic,DOM,2000,2.839
Dominican Republic,DOM,2010,2.503
Dominican Republic,DOM,2011,2.481
Dominican Republic,DOM,2012,2.46
Dominican Republic,DOM,2013,2.441
Dominican Republic,DOM,2014,2.423
Dominican Republic,DOM,2015,2.405
Dominican Republic,DOM,2016,2.387
Dominican Republic,DOM,2017,2.367
Dominican Republic,DOM,2018,2.346
Dominican Republic,DOM,2019,..
Ecuador,ECU,1990,3.744
Ecuador,ECU,2000,3.102
Ecuador,ECU,2010,2.615
Ecuador,ECU,2011,2.59
Ecuador,ECU,2012,2.567
Ecuador,ECU,2013,2.544
Ecuador,ECU,2014,2.522
Ecuador,ECU,2015,2.499
Ecuador,ECU,2016,2.475
Ecuador,ECU,2017,2.451
Ecuador,ECU,2018,2.427
Ecuador,ECU,2019,..
"Egypt, Arab Rep.",EGY,1990,4.58
"Egypt, Arab Rep.",EGY,2000,3.34
"Egypt, Arab Rep.",EGY,2010,3.233
"Egypt, Arab Rep.",EGY,2011,3.311
"Egypt, Arab Rep.",EGY,2012,3.377
"Egypt, Arab Rep.",EGY,2013,3.421
"Egypt, Arab Rep.",EGY,2014,3.441
"Egypt, Arab Rep.",EGY,2015,3.436
"Egypt, Arab Rep.",EGY,2016,3.41
"Egypt, Arab Rep.",EGY,2017,3.37
"Egypt, Arab Rep.",EGY,2018,3.326
"Egypt, Arab Rep.",EGY,2019,..
El Salvador,SLV,1990,3.964
El Salvador,SLV,2000,3.022
El Salvador,SLV,2010,2.265
El Salvador,SLV,2011,2.224
El Salvador,SLV,2012,2.187
El Salvador,SLV,2013,2.154
El Salvador,SLV,2014,2.126
El Salvador,SLV,2015,2.101
El Salvador,SLV,2016,2.079
El Salvador,SLV,2017,2.059
El Salvador,SLV,2018,2.039
El Salvador,SLV,2019,..
Equatorial Guinea,GNQ,1990,5.987
Equatorial Guinea,GNQ,2000,5.834
Equatorial Guinea,GNQ,2010,5.209
Equatorial Guinea,GNQ,2011,5.126
Equatorial Guinea,GNQ,2012,5.04
Equatorial Guinea,GNQ,2013,4.952
Equatorial Guinea,GNQ,2014,4.863
Equatorial Guinea,GNQ,2015,4.774
Equatorial Guinea,GNQ,2016,4.686
Equatorial Guinea,GNQ,2017,4.599
Equatorial Guinea,GNQ,2018,4.513
Equatorial Guinea,GNQ,2019,..
Eritrea,ERI,1990,6.496
Eritrea,ERI,2000,5.321
Eritrea,ERI,2010,4.571
Eritrea,ERI,2011,4.486
Eritrea,ERI,2012,4.407
Eritrea,ERI,2013,4.335
Eritrea,ERI,2014,4.273
Eritrea,ERI,2015,4.217
Eritrea,ERI,2016,4.164
Eritrea,ERI,2017,4.112
Eritrea,ERI,2018,4.056
Eritrea,ERI,2019,..
Estonia,EST,1990,2.05
Estonia,EST,2000,1.36
Estonia,EST,2010,1.72
Estonia,EST,2011,1.61
Estonia,EST,2012,1.56
Estonia,EST,2013,1.52
Estonia,EST,2014,1.54
Estonia,EST,2015,1.58
Estonia,EST,2016,1.6
Estonia,EST,2017,1.59
Estonia,EST,2018,1.67
Estonia,EST,2019,..
Eswatini,SWZ,1990,5.106
Eswatini,SWZ,2000,3.915
Eswatini,SWZ,2010,3.342
Eswatini,SWZ,2011,3.264
Eswatini,SWZ,2012,3.195
Eswatini,SWZ,2013,3.139
Eswatini,SWZ,2014,3.097
Eswatini,SWZ,2015,3.065
Eswatini,SWZ,2016,3.041
Eswatini,SWZ,2017,3.018
Eswatini,SWZ,2018,2.99
Eswatini,SWZ,2019,..
Ethiopia,ETH,1990,7.246
Ethiopia,ETH,2000,6.543
Ethiopia,ETH,2010,5.136
Ethiopia,ETH,2011,5.017
Ethiopia,ETH,2012,4.901
Ethiopia,ETH,2013,4.787
Ethiopia,ETH,2014,4.675
Ethiopia,ETH,2015,4.565
Ethiopia,ETH,2016,4.456
Ethiopia,ETH,2017,4.35
Ethiopia,ETH,2018,4.247
Ethiopia,ETH,2019,..
Faroe Islands,FRO,1990,2.8
Faroe Islands,FRO,2000,2.6
Faroe Islands,FRO,2010,2.5
Faroe Islands,FRO,2011,2.3
Faroe Islands,FRO,2012,2.6
Faroe Islands,FRO,2013,2.5
Faroe Islands,FRO,2014,2.6
Faroe Islands,FRO,2015,2.4
Faroe Islands,FRO,2016,2.6
Faroe Islands,FRO,2017,2.5
Faroe Islands,FRO,2018,2.5
Faroe Islands,FRO,2019,..
Fiji,FJI,1990,3.398
Fiji,FJI,2000,3.09
Fiji,FJI,2010,2.752
Fiji,FJI,2011,2.761
Fiji,FJI,2012,2.773
Fiji,FJI,2013,2.786
Fiji,FJI,2014,2.795
Fiji,FJI,2015,2.8
Fiji,FJI,2016,2.797
Fiji,FJI,2017,2.788
Fiji,FJI,2018,2.774
Fiji,FJI,2019,..
Finland,FIN,1990,1.78
Finland,FIN,2000,1.73
Finland,FIN,2010,1.87
Finland,FIN,2011,1.83
Finland,FIN,2012,1.8
Finland,FIN,2013,1.75
Finland,FIN,2014,1.71
Finland,FIN,2015,1.65
Finland,FIN,2016,1.57
Finland,FIN,2017,1.49
Finland,FIN,2018,1.41
Finland,FIN,2019,..
France,FRA,1990,1.77
France,FRA,2000,1.89
France,FRA,2010,2.03
France,FRA,2011,2.01
France,FRA,2012,2.01
France,FRA,2013,1.99
France,FRA,2014,2
France,FRA,2015,1.96
France,FRA,2016,1.92
France,FRA,2017,1.9
France,FRA,2018,1.88
France,FRA,2019,..
French Polynesia,PYF,1990,3.401
French Polynesia,PYF,2000,2.463
French Polynesia,PYF,2010,2.095
French Polynesia,PYF,2011,2.07
French Polynesia,PYF,2012,2.048
French Polynesia,PYF,2013,2.027
French Polynesia,PYF,2014,2.008
French Polynesia,PYF,2015,1.99
French Polynesia,PYF,2016,1.973
French Polynesia,PYF,2017,1.956
French Polynesia,PYF,2018,1.941
French Polynesia,PYF,2019,..
Gabon,GAB,1990,5.442
Gabon,GAB,2000,4.533
Gabon,GAB,2010,4.146
Gabon,GAB,2011,4.129
Gabon,GAB,2012,4.113
Gabon,GAB,2013,4.098
Gabon,GAB,2014,4.083
Gabon,GAB,2015,4.064
Gabon,GAB,2016,4.039
Gabon,GAB,2017,4.008
Gabon,GAB,2018,3.969
Gabon,GAB,2019,..
"Gambia, The",GMB,1990,6.096
"Gambia, The",GMB,2000,5.879
"Gambia, The",GMB,2010,5.583
"Gambia, The",GMB,2011,5.552
"Gambia, The",GMB,2012,5.518
"Gambia, The",GMB,2013,5.48
"Gambia, The",GMB,2014,5.437
"Gambia, The",GMB,2015,5.39
"Gambia, The",GMB,2016,5.338
"Gambia, The",GMB,2017,5.281
"Gambia, The",GMB,2018,5.219
"Gambia, The",GMB,2019,..
Georgia,GEO,1990,2.18
Georgia,GEO,2000,1.608
Georgia,GEO,2010,1.911
Georgia,GEO,2011,1.95
Georgia,GEO,2012,1.984
Georgia,GEO,2013,2.012
Georgia,GEO,2014,2.034
Georgia,GEO,2015,2.05
Georgia,GEO,2016,2.059
Georgia,GEO,2017,2.062
Georgia,GEO,2018,2.06
Georgia,GEO,2019,..
Germany,DEU,1990,1.45
Germany,DEU,2000,1.38
Germany,DEU,2010,1.39
Germany,DEU,2011,1.39
Germany,DEU,2012,1.41
Germany,DEU,2013,1.42
Germany,DEU,2014,1.47
Germany,DEU,2015,1.5
Germany,DEU,2016,1.6
Germany,DEU,2017,1.57
Germany,DEU,2018,1.57
Germany,DEU,2019,..
Ghana,GHA,1990,5.602
Ghana,GHA,2000,4.826
Ghana,GHA,2010,4.273
Ghana,GHA,2011,4.234
Ghana,GHA,2012,4.192
Ghana,GHA,2013,4.146
Ghana,GHA,2014,4.095
Ghana,GHA,2015,4.041
Ghana,GHA,2016,3.984
Ghana,GHA,2017,3.926
Ghana,GHA,2018,3.87
Ghana,GHA,2019,..
Gibraltar,GIB,1990,..
Gibraltar,GIB,2000,..
Gibraltar,GIB,2010,..
Gibraltar,GIB,2011,..
Gibraltar,GIB,2012,..
Gibraltar,GIB,2013,..
Gibraltar,GIB,2014,..
Gibraltar,GIB,2015,..
Gibraltar,GIB,2016,..
Gibraltar,GIB,2017,..
Gibraltar,GIB,2018,..
Gibraltar,GIB,2019,..
Greece,GRC,1990,1.39
Greece,GRC,2000,1.25
Greece,GRC,2010,1.48
Greece,GRC,2011,1.4
Greece,GRC,2012,1.34
Greece,GRC,2013,1.29
Greece,GRC,2014,1.3
Greece,GRC,2015,1.33
Greece,GRC,2016,1.38
Greece,GRC,2017,1.35
Greece,GRC,2018,1.35
Greece,GRC,2019,..
Greenland,GRL,1990,2.444
Greenland,GRL,2000,2.329
Greenland,GRL,2010,2.195
Greenland,GRL,2011,2.117
Greenland,GRL,2012,2.019
Greenland,GRL,2013,2.077
Greenland,GRL,2014,2.037
Greenland,GRL,2015,2.01
Greenland,GRL,2016,2
Greenland,GRL,2017,2.09
Greenland,GRL,2018,2
Greenland,GRL,2019,..
Grenada,GRD,1990,3.842
Grenada,GRD,2000,2.582
Grenada,GRD,2010,2.24
Grenada,GRD,2011,2.217
Grenada,GRD,2012,2.194
Grenada,GRD,2013,2.171
Grenada,GRD,2014,2.148
Grenada,GRD,2015,2.126
Grenada,GRD,2016,2.104
Grenada,GRD,2017,2.083
Grenada,GRD,2018,2.063
Grenada,GRD,2019,..
Guam,GUM,1990,3.013
Guam,GUM,2000,2.824
Guam,GUM,2010,2.488
Guam,GUM,2011,2.469
Guam,GUM,2012,2.45
Guam,GUM,2013,2.429
Guam,GUM,2014,2.406
Guam,GUM,2015,2.383
Guam,GUM,2016,2.358
Guam,GUM,2017,2.334
Guam,GUM,2018,2.313
Guam,GUM,2019,..
Guatemala,GTM,1990,5.437
Guatemala,GTM,2000,4.598
Guatemala,GTM,2010,3.375
Guatemala,GTM,2011,3.292
Guatemala,GTM,2012,3.219
Guatemala,GTM,2013,3.151
Guatemala,GTM,2014,3.088
Guatemala,GTM,2015,3.029
Guatemala,GTM,2016,2.973
Guatemala,GTM,2017,2.92
Guatemala,GTM,2018,2.87
Guatemala,GTM,2019,..
Guinea,GIN,1990,6.598
Guinea,GIN,2000,6.082
Guinea,GIN,2010,5.336
Guinea,GIN,2011,5.256
Guinea,GIN,2012,5.175
Guinea,GIN,2013,5.094
Guinea,GIN,2014,5.013
Guinea,GIN,2015,4.933
Guinea,GIN,2016,4.854
Guinea,GIN,2017,4.777
Guinea,GIN,2018,4.7
Guinea,GIN,2019,..
Guinea-Bissau,GNB,1990,6.627
Guinea-Bissau,GNB,2000,5.82
Guinea-Bissau,GNB,2010,5.049
Guinea-Bissau,GNB,2011,4.987
Guinea-Bissau,GNB,2012,4.923
Guinea-Bissau,GNB,2013,4.855
Guinea-Bissau,GNB,2014,4.783
Guinea-Bissau,GNB,2015,4.708
Guinea-Bissau,GNB,2016,4.631
Guinea-Bissau,GNB,2017,4.553
Guinea-Bissau,GNB,2018,4.476
Guinea-Bissau,GNB,2019,..
Guyana,GUY,1990,3.069
Guyana,GUY,2000,3.017
Guyana,GUY,2010,2.655
Guyana,GUY,2011,2.63
Guyana,GUY,2012,2.606
Guyana,GUY,2013,2.582
Guyana,GUY,2014,2.558
Guyana,GUY,2015,2.534
Guyana,GUY,2016,2.509
Guyana,GUY,2017,2.485
Guyana,GUY,2018,2.462
Guyana,GUY,2019,..
Haiti,HTI,1990,5.43
Haiti,HTI,2000,4.344
Haiti,HTI,2010,3.427
Haiti,HTI,2011,3.356
Haiti,HTI,2012,3.288
Haiti,HTI,2013,3.223
Haiti,HTI,2014,3.159
Haiti,HTI,2015,3.098
Haiti,HTI,2016,3.041
Haiti,HTI,2017,2.986
Haiti,HTI,2018,2.935
Haiti,HTI,2019,..
Honduras,HND,1990,5.123
Honduras,HND,2000,4.237
Honduras,HND,2010,2.957
Honduras,HND,2011,2.86
Honduras,HND,2012,2.774
Honduras,HND,2013,2.699
Honduras,HND,2014,2.635
Honduras,HND,2015,2.581
Honduras,HND,2016,2.536
Honduras,HND,2017,2.496
Honduras,HND,2018,2.46
Honduras,HND,2019,..
"Hong Kong SAR, China",HKG,1990,1.272
"Hong Kong SAR, China",HKG,2000,1.032
"Hong Kong SAR, China",HKG,2010,1.127
"Hong Kong SAR, China",HKG,2011,1.204
"Hong Kong SAR, China",HKG,2012,1.285
"Hong Kong SAR, China",HKG,2013,1.125
"Hong Kong SAR, China",HKG,2014,1.235
"Hong Kong SAR, China",HKG,2015,1.196
"Hong Kong SAR, China",HKG,2016,1.205
"Hong Kong SAR, China",HKG,2017,1.125
"Hong Kong SAR, China",HKG,2018,1.072
"Hong Kong SAR, China",HKG,2019,..
Hungary,HUN,1990,1.87
Hungary,HUN,2000,1.32
Hungary,HUN,2010,1.25
Hungary,HUN,2011,1.23
Hungary,HUN,2012,1.34
Hungary,HUN,2013,1.35
Hungary,HUN,2014,1.44
Hungary,HUN,2015,1.45
Hungary,HUN,2016,1.53
Hungary,HUN,2017,1.54
Hungary,HUN,2018,1.55
Hungary,HUN,2019,..
Iceland,ISL,1990,2.3
Iceland,ISL,2000,2.08
Iceland,ISL,2010,2.2
Iceland,ISL,2011,2.02
Iceland,ISL,2012,2.04
Iceland,ISL,2013,1.93
Iceland,ISL,2014,1.93
Iceland,ISL,2015,1.8
Iceland,ISL,2016,1.74
Iceland,ISL,2017,1.71
Iceland,ISL,2018,1.71
Iceland,ISL,2019,..
India,IND,1990,4.045
India,IND,2000,3.311
India,IND,2010,2.581
India,IND,2011,2.506
India,IND,2012,2.439
India,IND,2013,2.381
India,IND,2014,2.333
India,IND,2015,2.295
India,IND,2016,2.266
India,IND,2017,2.243
India,IND,2018,2.222
India,IND,2019,..
Indonesia,IDN,1990,3.122
Indonesia,IDN,2000,2.512
Indonesia,IDN,2010,2.483
Indonesia,IDN,2011,2.471
Indonesia,IDN,2012,2.455
Indonesia,IDN,2013,2.436
Indonesia,IDN,2014,2.413
Indonesia,IDN,2015,2.389
Indonesia,IDN,2016,2.362
Indonesia,IDN,2017,2.336
Indonesia,IDN,2018,2.311
Indonesia,IDN,2019,..
"Iran, Islamic Rep.",IRN,1990,4.691
"Iran, Islamic Rep.",IRN,2000,2.067
"Iran, Islamic Rep.",IRN,2010,1.839
"Iran, Islamic Rep.",IRN,2011,1.866
"Iran, Islamic Rep.",IRN,2012,1.901
"Iran, Islamic Rep.",IRN,2013,1.945
"Iran, Islamic Rep.",IRN,2014,1.993
"Iran, Islamic Rep.",IRN,2015,2.041
"Iran, Islamic Rep.",IRN,2016,2.083
"Iran, Islamic Rep.",IRN,2017,2.116
"Iran, Islamic Rep.",IRN,2018,2.137
"Iran, Islamic Rep.",IRN,2019,..
Iraq,IRQ,1990,5.882
Iraq,IRQ,2000,4.94
Iraq,IRQ,2010,4.343
Iraq,IRQ,2011,4.301
Iraq,IRQ,2012,4.243
Iraq,IRQ,2013,4.168
Iraq,IRQ,2014,4.076
Iraq,IRQ,2015,3.972
Iraq,IRQ,2016,3.864
Iraq,IRQ,2017,3.762
Iraq,IRQ,2018,3.672
Iraq,IRQ,2019,..
Ireland,IRL,1990,2.11
Ireland,IRL,2000,1.89
Ireland,IRL,2010,2.05
Ireland,IRL,2011,2.03
Ireland,IRL,2012,1.98
Ireland,IRL,2013,1.93
Ireland,IRL,2014,1.89
Ireland,IRL,2015,1.85
Ireland,IRL,2016,1.81
Ireland,IRL,2017,1.77
Ireland,IRL,2018,1.75
Ireland,IRL,2019,..
Isle of Man,IMN,1990,..
Isle of Man,IMN,2000,..
Isle of Man,IMN,2010,..
Isle of Man,IMN,2011,..
Isle of Man,IMN,2012,..
Isle of Man,IMN,2013,..
Isle of Man,IMN,2014,..
Isle of Man,IMN,2015,..
Isle of Man,IMN,2016,..
Isle of Man,IMN,2017,..
Isle of Man,IMN,2018,..
Isle of Man,IMN,2019,..
Israel,ISR,1990,2.824
Israel,ISR,2000,2.95
Israel,ISR,2010,3.03
Israel,ISR,2011,2.98
Israel,ISR,2012,3.05
Israel,ISR,2013,3.03
Israel,ISR,2014,3.08
Israel,ISR,2015,3.09
Israel,ISR,2016,3.11
Israel,ISR,2017,3.11
Israel,ISR,2018,3.09
Israel,ISR,2019,..
Italy,ITA,1990,1.33
Italy,ITA,2000,1.26
Italy,ITA,2010,1.46
Italy,ITA,2011,1.44
Italy,ITA,2012,1.43
Italy,ITA,2013,1.39
Italy,ITA,2014,1.37
Italy,ITA,2015,1.35
Italy,ITA,2016,1.34
Italy,ITA,2017,1.32
Italy,ITA,2018,1.29
Italy,ITA,2019,..
Jamaica,JAM,1990,2.947
Jamaica,JAM,2000,2.577
Jamaica,JAM,2010,2.173
Jamaica,JAM,2011,2.136
Jamaica,JAM,2012,2.102
Jamaica,JAM,2013,2.072
Jamaica,JAM,2014,2.047
Jamaica,JAM,2015,2.026
Jamaica,JAM,2016,2.009
Jamaica,JAM,2017,1.993
Jamaica,JAM,2018,1.979
Jamaica,JAM,2019,..
Japan,JPN,1990,1.54
Japan,JPN,2000,1.359
Japan,JPN,2010,1.39
Japan,JPN,2011,1.39
Japan,JPN,2012,1.41
Japan,JPN,2013,1.43
Japan,JPN,2014,1.42
Japan,JPN,2015,1.45
Japan,JPN,2016,1.44
Japan,JPN,2017,1.43
Japan,JPN,2018,1.42
Japan,JPN,2019,..
Jordan,JOR,1990,5.521
Jordan,JOR,2000,4.109
Jordan,JOR,2010,3.631
Jordan,JOR,2011,3.541
Jordan,JOR,2012,3.436
Jordan,JOR,2013,3.319
Jordan,JOR,2014,3.196
Jordan,JOR,2015,3.071
Jordan,JOR,2016,2.954
Jordan,JOR,2017,2.849
Jordan,JOR,2018,2.761
Jordan,JOR,2019,..
Kazakhstan,KAZ,1990,2.72
Kazakhstan,KAZ,2000,1.8
Kazakhstan,KAZ,2010,2.6
Kazakhstan,KAZ,2011,2.59
Kazakhstan,KAZ,2012,2.62
Kazakhstan,KAZ,2013,2.64
Kazakhstan,KAZ,2014,2.74
Kazakhstan,KAZ,2015,2.73
Kazakhstan,KAZ,2016,2.73
Kazakhstan,KAZ,2017,2.73
Kazakhstan,KAZ,2018,2.84
Kazakhstan,KAZ,2019,..
Kenya,KEN,1990,6.066
Kenya,KEN,2000,5.178
Kenya,KEN,2010,4.369
Kenya,KEN,2011,4.248
Kenya,KEN,2012,4.123
Kenya,KEN,2013,3.999
Kenya,KEN,2014,3.879
Kenya,KEN,2015,3.765
Kenya,KEN,2016,3.663
Kenya,KEN,2017,3.572
Kenya,KEN,2018,3.492
Kenya,KEN,2019,..
Kiribati,KIR,1990,4.688
Kiribati,KIR,2000,4.058
Kiribati,KIR,2010,3.843
Kiribati,KIR,2011,3.822
Kiribati,KIR,2012,3.796
Kiribati,KIR,2013,3.765
Kiribati,KIR,2014,3.73
Kiribati,KIR,2015,3.692
Kiribati,KIR,2016,3.651
Kiribati,KIR,2017,3.61
Kiribati,KIR,2018,3.569
Kiribati,KIR,2019,..
"Korea, Dem. People’s Rep.",PRK,1990,2.289
"Korea, Dem. People’s Rep.",PRK,2000,1.991
"Korea, Dem. People’s Rep.",PRK,2010,1.938
"Korea, Dem. People’s Rep.",PRK,2011,1.934
"Korea, Dem. People’s Rep.",PRK,2012,1.931
"Korea, Dem. People’s Rep.",PRK,2013,1.929
"Korea, Dem. People’s Rep.",PRK,2014,1.926
"Korea, Dem. People’s Rep.",PRK,2015,1.922
"Korea, Dem. People’s Rep.",PRK,2016,1.917
"Korea, Dem. People’s Rep.",PRK,2017,1.911
"Korea, Dem. People’s Rep.",PRK,2018,1.904
"Korea, Dem. People’s Rep.",PRK,2019,..
"Korea, Rep.",KOR,1990,1.57
"Korea, Rep.",KOR,2000,1.467
"Korea, Rep.",KOR,2010,1.226
"Korea, Rep.",KOR,2011,1.244
"Korea, Rep.",KOR,2012,1.297
"Korea, Rep.",KOR,2013,1.187
"Korea, Rep.",KOR,2014,1.205
"Korea, Rep.",KOR,2015,1.239
"Korea, Rep.",KOR,2016,1.172
"Korea, Rep.",KOR,2017,1.052
"Korea, Rep.",KOR,2018,0.977
"Korea, Rep.",KOR,2019,..
Kosovo,XKX,1990,3.9
Kosovo,XKX,2000,2.95
Kosovo,XKX,2010,2.29
Kosovo,XKX,2011,2.24
Kosovo,XKX,2012,2.19
Kosovo,XKX,2013,2.16
Kosovo,XKX,2014,2.13
Kosovo,XKX,2015,2.09
Kosovo,XKX,2016,2.06
Kosovo,XKX,2017,2.02
Kosovo,XKX,2018,2
Kosovo,XKX,2019,..
Kuwait,KWT,1990,2.967
Kuwait,KWT,2000,2.845
Kuwait,KWT,2010,2.234
Kuwait,KWT,2011,2.182
Kuwait,KWT,2012,2.139
Kuwait,KWT,2013,2.109
Kuwait,KWT,2014,2.09
Kuwait,KWT,2015,2.083
Kuwait,KWT,2016,2.082
Kuwait,KWT,2017,2.083
Kuwait,KWT,2018,2.082
Kuwait,KWT,2019,..
Kyrgyz Republic,KGZ,1990,3.63
Kyrgyz Republic,KGZ,2000,2.4
Kyrgyz Republic,KGZ,2010,3.1
Kyrgyz Republic,KGZ,2011,3.1
Kyrgyz Republic,KGZ,2012,3.2
Kyrgyz Republic,KGZ,2013,3.1
Kyrgyz Republic,KGZ,2014,3.2
Kyrgyz Republic,KGZ,2015,3.2
Kyrgyz Republic,KGZ,2016,3.1
Kyrgyz Republic,KGZ,2017,3
Kyrgyz Republic,KGZ,2018,3.3
Kyrgyz Republic,KGZ,2019,..
Lao PDR,LAO,1990,6.151
Lao PDR,LAO,2000,4.311
Lao PDR,LAO,2010,3.143
Lao PDR,LAO,2011,3.056
Lao PDR,LAO,2012,2.977
Lao PDR,LAO,2013,2.907
Lao PDR,LAO,2014,2.847
Lao PDR,LAO,2015,2.796
Lao PDR,LAO,2016,2.751
Lao PDR,LAO,2017,2.709
Lao PDR,LAO,2018,2.667
Lao PDR,LAO,2019,..
Latvia,LVA,1990,2.02
Latvia,LVA,2000,1.25
Latvia,LVA,2010,1.36
Latvia,LVA,2011,1.33
Latvia,LVA,2012,1.44
Latvia,LVA,2013,1.52
Latvia,LVA,2014,1.65
Latvia,LVA,2015,1.7
Latvia,LVA,2016,1.74
Latvia,LVA,2017,1.69
Latvia,LVA,2018,1.6
Latvia,LVA,2019,..
Lebanon,LBN,1990,3.372
Lebanon,LBN,2000,2.405
Lebanon,LBN,2010,1.966
Lebanon,LBN,2011,2.002
Lebanon,LBN,2012,2.038
Lebanon,LBN,2013,2.069
Lebanon,LBN,2014,2.091
Lebanon,LBN,2015,2.103
Lebanon,LBN,2016,2.104
Lebanon,LBN,2017,2.097
Lebanon,LBN,2018,2.087
Lebanon,LBN,2019,..
Lesotho,LSO,1990,4.721
Lesotho,LSO,2000,3.792
Lesotho,LSO,2010,3.302
Lesotho,LSO,2011,3.282
Lesotho,LSO,2012,3.265
Lesotho,LSO,2013,3.25
Lesotho,LSO,2014,3.235
Lesotho,LSO,2015,3.218
Lesotho,LSO,2016,3.197
Lesotho,LSO,2017,3.171
Lesotho,LSO,2018,3.141
Lesotho,LSO,2019,..
Liberia,LBR,1990,6.499
Liberia,LBR,2000,5.866
Liberia,LBR,2010,4.971
Liberia,LBR,2011,4.881
Liberia,LBR,2012,4.793
Liberia,LBR,2013,4.706
Liberia,LBR,2014,4.621
Liberia,LBR,2015,4.54
Liberia,LBR,2016,4.461
Liberia,LBR,2017,4.387
Liberia,LBR,2018,4.315
Liberia,LBR,2019,..
Libya,LBY,1990,4.966
Libya,LBY,2000,2.851
Libya,LBY,2010,2.478
Libya,LBY,2011,2.466
Libya,LBY,2012,2.447
Libya,LBY,2013,2.423
Libya,LBY,2014,2.392
Libya,LBY,2015,2.356
Libya,LBY,2016,2.317
Libya,LBY,2017,2.277
Libya,LBY,2018,2.24
Libya,LBY,2019,..
Liechtenstein,LIE,1990,..
Liechtenstein,LIE,2000,1.57
Liechtenstein,LIE,2010,1.4
Liechtenstein,LIE,2011,1.69
Liechtenstein,LIE,2012,1.51
Liechtenstein,LIE,2013,1.45
Liechtenstein,LIE,2014,1.59
Liechtenstein,LIE,2015,1.4
Liechtenstein,LIE,2016,1.61
Liechtenstein,LIE,2017,1.44
Liechtenstein,LIE,2018,1.58
Liechtenstein,LIE,2019,..
Lithuania,LTU,1990,2.03
Lithuania,LTU,2000,1.39
Lithuania,LTU,2010,1.5
Lithuania,LTU,2011,1.55
Lithuania,LTU,2012,1.6
Lithuania,LTU,2013,1.59
Lithuania,LTU,2014,1.63
Lithuania,LTU,2015,1.7
Lithuania,LTU,2016,1.69
Lithuania,LTU,2017,1.63
Lithuania,LTU,2018,1.63
Lithuania,LTU,2019,..
Luxembourg,LUX,1990,1.6
Luxembourg,LUX,2000,1.76
Luxembourg,LUX,2010,1.63
Luxembourg,LUX,2011,1.52
Luxembourg,LUX,2012,1.57
Luxembourg,LUX,2013,1.55
Luxembourg,LUX,2014,1.5
Luxembourg,LUX,2015,1.47
Luxembourg,LUX,2016,1.41
Luxembourg,LUX,2017,1.39
Luxembourg,LUX,2018,1.38
Luxembourg,LUX,2019,..
"Macao SAR, China",MAC,1990,1.722
"Macao SAR, China",MAC,2000,0.95
"Macao SAR, China",MAC,2010,1.093
"Macao SAR, China",MAC,2011,1.131
"Macao SAR, China",MAC,2012,1.161
"Macao SAR, China",MAC,2013,1.183
"Macao SAR, China",MAC,2014,1.196
"Macao SAR, China",MAC,2015,1.203
"Macao SAR, China",MAC,2016,1.207
"Macao SAR, China",MAC,2017,1.211
"Macao SAR, China",MAC,2018,1.217
"Macao SAR, China",MAC,2019,..
Madagascar,MDG,1990,6.179
Madagascar,MDG,2000,5.551
Madagascar,MDG,2010,4.603
Madagascar,MDG,2011,4.52
Madagascar,MDG,2012,4.442
Madagascar,MDG,2013,4.369
Madagascar,MDG,2014,4.302
Madagascar,MDG,2015,4.241
Madagascar,MDG,2016,4.184
Madagascar,MDG,2017,4.13
Madagascar,MDG,2018,4.077
Madagascar,MDG,2019,..
Malawi,MWI,1990,6.872
Malawi,MWI,2000,6.098
Malawi,MWI,2010,5.332
Malawi,MWI,2011,5.161
Malawi,MWI,2012,4.988
Malawi,MWI,2013,4.821
Malawi,MWI,2014,4.666
Malawi,MWI,2015,4.527
Malawi,MWI,2016,4.407
Malawi,MWI,2017,4.302
Malawi,MWI,2018,4.209
Malawi,MWI,2019,..
Malaysia,MYS,1990,3.554
Malaysia,MYS,2000,2.784
Malaysia,MYS,2010,2.149
Malaysia,MYS,2011,2.129
Malaysia,MYS,2012,2.11
Malaysia,MYS,2013,2.092
Malaysia,MYS,2014,2.074
Malaysia,MYS,2015,2.056
Malaysia,MYS,2016,2.037
Malaysia,MYS,2017,2.019
Malaysia,MYS,2018,2.001
Malaysia,MYS,2019,..
Maldives,MDV,1990,6.003
Maldives,MDV,2000,2.771
Maldives,MDV,2010,2.206
Maldives,MDV,2011,2.171
Maldives,MDV,2012,2.129
Maldives,MDV,2013,2.084
Maldives,MDV,2014,2.038
Maldives,MDV,2015,1.991
Maldives,MDV,2016,1.947
Maldives,MDV,2017,1.906
Maldives,MDV,2018,1.87
Maldives,MDV,2019,..
Mali,MLI,1990,7.165
Mali,MLI,2000,6.897
Mali,MLI,2010,6.547
Mali,MLI,2011,6.474
Mali,MLI,2012,6.396
Mali,MLI,2013,6.315
Mali,MLI,2014,6.231
Mali,MLI,2015,6.145
Mali,MLI,2016,6.057
Mali,MLI,2017,5.968
Mali,MLI,2018,5.877
Mali,MLI,2019,..
Malta,MLT,1990,2.02
Malta,MLT,2000,1.68
Malta,MLT,2010,1.36
Malta,MLT,2011,1.45
Malta,MLT,2012,1.42
Malta,MLT,2013,1.36
Malta,MLT,2014,1.38
Malta,MLT,2015,1.37
Malta,MLT,2016,1.37
Malta,MLT,2017,1.26
Malta,MLT,2018,1.23
Malta,MLT,2019,..
Marshall Islands,MHL,1990,..
Marshall Islands,MHL,2000,..
Marshall Islands,MHL,2010,..
Marshall Islands,MHL,2011,4.05
Marshall Islands,MHL,2012,..
Marshall Islands,MHL,2013,..
Marshall Islands,MHL,2014,..
Marshall Islands,MHL,2015,..
Marshall Islands,MHL,2016,..
Marshall Islands,MHL,2017,..
Marshall Islands,MHL,2018,..
Marshall Islands,MHL,2019,..
Mauritania,MRT,1990,5.881
Mauritania,MRT,2000,5.413
Mauritania,MRT,2010,4.98
Mauritania,MRT,2011,4.939
Mauritania,MRT,2012,4.895
Mauritania,MRT,2013,4.847
Mauritania,MRT,2014,4.794
Mauritania,MRT,2015,4.738
Mauritania,MRT,2016,4.679
Mauritania,MRT,2017,4.619
Mauritania,MRT,2018,4.561
Mauritania,MRT,2019,..
Mauritius,MUS,1990,2.32
Mauritius,MUS,2000,1.99
Mauritius,MUS,2010,1.57
Mauritius,MUS,2011,1.55
Mauritius,MUS,2012,1.54
Mauritius,MUS,2013,1.44
Mauritius,MUS,2014,1.43
Mauritius,MUS,2015,1.36
Mauritius,MUS,2016,1.4
Mauritius,MUS,2017,1.44
Mauritius,MUS,2018,1.41
Mauritius,MUS,2019,..
Mexico,MEX,1990,3.47
Mexico,MEX,2000,2.716
Mexico,MEX,2010,2.34
Mexico,MEX,2011,2.317
Mexico,MEX,2012,2.294
Mexico,MEX,2013,2.27
Mexico,MEX,2014,2.243
Mexico,MEX,2015,2.215
Mexico,MEX,2016,2.186
Mexico,MEX,2017,2.157
Mexico,MEX,2018,2.129
Mexico,MEX,2019,..
"Micronesia, Fed. Sts.",FSM,1990,4.958
"Micronesia, Fed. Sts.",FSM,2000,4.3
"Micronesia, Fed. Sts.",FSM,2010,3.46
"Micronesia, Fed. Sts.",FSM,2011,3.402
"Micronesia, Fed. Sts.",FSM,2012,3.347
"Micronesia, Fed. Sts.",FSM,2013,3.294
"Micronesia, Fed. Sts.",FSM,2014,3.243
"Micronesia, Fed. Sts.",FSM,2015,3.193
"Micronesia, Fed. Sts.",FSM,2016,3.145
"Micronesia, Fed. Sts.",FSM,2017,3.098
"Micronesia, Fed. Sts.",FSM,2018,3.053
"Micronesia, Fed. Sts.",FSM,2019,..
Moldova,MDA,1990,2.414
Moldova,MDA,2000,1.435
Moldova,MDA,2010,1.275
Moldova,MDA,2011,1.276
Moldova,MDA,2012,1.273
Moldova,MDA,2013,1.27
Moldova,MDA,2014,1.265
Moldova,MDA,2015,1.261
Moldova,MDA,2016,1.259
Moldova,MDA,2017,1.259
Moldova,MDA,2018,1.262
Moldova,MDA,2019,..
Monaco,MCO,1990,..
Monaco,MCO,2000,..
Monaco,MCO,2010,..
Monaco,MCO,2011,..
Monaco,MCO,2012,..
Monaco,MCO,2013,..
Monaco,MCO,2014,..
Monaco,MCO,2015,..
Monaco,MCO,2016,..
Monaco,MCO,2017,..
Monaco,MCO,2018,..
Monaco,MCO,2019,..
Mongolia,MNG,1990,4.052
Mongolia,MNG,2000,2.141
Mongolia,MNG,2010,2.637
Mongolia,MNG,2011,2.722
Mongolia,MNG,2012,2.794
Mongolia,MNG,2013,2.852
Mongolia,MNG,2014,2.894
Mongolia,MNG,2015,2.918
Mongolia,MNG,2016,2.923
Mongolia,MNG,2017,2.914
Mongolia,MNG,2018,2.895
Mongolia,MNG,2019,..
Montenegro,MNE,1990,2.078
Montenegro,MNE,2000,1.875
Montenegro,MNE,2010,1.76
Montenegro,MNE,2011,1.741
Montenegro,MNE,2012,1.728
Montenegro,MNE,2013,1.72
Montenegro,MNE,2014,1.719
Montenegro,MNE,2015,1.723
Montenegro,MNE,2016,1.73
Montenegro,MNE,2017,1.738
Montenegro,MNE,2018,1.745
Montenegro,MNE,2019,..
Morocco,MAR,1990,4.047
Morocco,MAR,2000,2.771
Morocco,MAR,2010,2.567
Morocco,MAR,2011,2.576
Morocco,MAR,2012,2.579
Morocco,MAR,2013,2.571
Morocco,MAR,2014,2.552
Morocco,MAR,2015,2.524
Morocco,MAR,2016,2.489
Morocco,MAR,2017,2.451
Morocco,MAR,2018,2.415
Morocco,MAR,2019,..
Mozambique,MOZ,1990,6.211
Mozambique,MOZ,2000,5.826
Mozambique,MOZ,2010,5.392
Mozambique,MOZ,2011,5.329
Mozambique,MOZ,2012,5.264
Mozambique,MOZ,2013,5.198
Mozambique,MOZ,2014,5.131
Mozambique,MOZ,2015,5.062
Mozambique,MOZ,2016,4.992
Mozambique,MOZ,2017,4.922
Mozambique,MOZ,2018,4.852
Mozambique,MOZ,2019,..
Myanmar,MMR,1990,3.447
Myanmar,MMR,2000,2.878
Myanmar,MMR,2010,2.359
Myanmar,MMR,2011,2.312
Myanmar,MMR,2012,2.274
Myanmar,MMR,2013,2.242
Myanmar,MMR,2014,2.217
Myanmar,MMR,2015,2.198
Myanmar,MMR,2016,2.182
Myanmar,MMR,2017,2.168
Myanmar,MMR,2018,2.154
Myanmar,MMR,2019,..
Namibia,NAM,1990,5.219
Namibia,NAM,2000,3.88
Namibia,NAM,2010,3.631
Namibia,NAM,2011,3.632
Namibia,NAM,2012,3.623
Namibia,NAM,2013,3.604
Namibia,NAM,2014,3.577
Namibia,NAM,2015,3.54
Namibia,NAM,2016,3.496
Namibia,NAM,2017,3.447
Namibia,NAM,2018,3.396
Namibia,NAM,2019,..
Nauru,NRU,1990,..
Nauru,NRU,2000,..
Nauru,NRU,2010,..
Nauru,NRU,2011,..
Nauru,NRU,2012,..
Nauru,NRU,2013,..
Nauru,NRU,2014,..
Nauru,NRU,2015,..
Nauru,NRU,2016,..
Nauru,NRU,2017,..
Nauru,NRU,2018,..
Nauru,NRU,2019,..
Nepal,NPL,1990,5.172
Nepal,NPL,2000,3.955
Nepal,NPL,2010,2.542
Nepal,NPL,2011,2.444
Nepal,NPL,2012,2.351
Nepal,NPL,2013,2.261
Nepal,NPL,2014,2.176
Nepal,NPL,2015,2.098
Nepal,NPL,2016,2.027
Nepal,NPL,2017,1.967
Nepal,NPL,2018,1.917
Nepal,NPL,2019,..
Netherlands,NLD,1990,1.62
Netherlands,NLD,2000,1.72
Netherlands,NLD,2010,1.79
Netherlands,NLD,2011,1.76
Netherlands,NLD,2012,1.72
Netherlands,NLD,2013,1.68
Netherlands,NLD,2014,1.71
Netherlands,NLD,2015,1.66
Netherlands,NLD,2016,1.66
Netherlands,NLD,2017,1.62
Netherlands,NLD,2018,1.59
Netherlands,NLD,2019,..
New Caledonia,NCL,1990,3.18
New Caledonia,NCL,2000,2.59
New Caledonia,NCL,2010,2.2
New Caledonia,NCL,2011,2.15
New Caledonia,NCL,2012,2.28
New Caledonia,NCL,2013,2.19
New Caledonia,NCL,2014,2.17
New Caledonia,NCL,2015,2.06
New Caledonia,NCL,2016,2.08
New Caledonia,NCL,2017,1.97
New Caledonia,NCL,2018,1.97
New Caledonia,NCL,2019,..
New Zealand,NZL,1990,2.18
New Zealand,NZL,2000,1.98
New Zealand,NZL,2010,2.17
New Zealand,NZL,2011,2.09
New Zealand,NZL,2012,2.1
New Zealand,NZL,2013,2.01
New Zealand,NZL,2014,1.92
New Zealand,NZL,2015,1.99
New Zealand,NZL,2016,1.87
New Zealand,NZL,2017,1.81
New Zealand,NZL,2018,1.71
New Zealand,NZL,2019,..
Nicaragua,NIC,1990,4.596
Nicaragua,NIC,2000,3.111
Nicaragua,NIC,2010,2.601
Nicaragua,NIC,2011,2.575
Nicaragua,NIC,2012,2.55
Nicaragua,NIC,2013,2.526
Nicaragua,NIC,2014,2.503
Nicaragua,NIC,2015,2.48
Nicaragua,NIC,2016,2.455
Nicaragua,NIC,2017,2.43
Nicaragua,NIC,2018,2.404
Nicaragua,NIC,2019,..
Niger,NER,1990,7.772
Niger,NER,2000,7.679
Niger,NER,2010,7.473
Niger,NER,2011,7.429
Niger,NER,2012,7.376
Niger,NER,2013,7.314
Niger,NER,2014,7.245
Niger,NER,2015,7.169
Niger,NER,2016,7.087
Niger,NER,2017,7.001
Niger,NER,2018,6.913
Niger,NER,2019,..
Nigeria,NGA,1990,6.49
Nigeria,NGA,2000,6.106
Nigeria,NGA,2010,5.839
Nigeria,NGA,2011,5.802
Nigeria,NGA,2012,5.758
Nigeria,NGA,2013,5.709
Nigeria,NGA,2014,5.653
Nigeria,NGA,2015,5.592
Nigeria,NGA,2016,5.526
Nigeria,NGA,2017,5.457
Nigeria,NGA,2018,5.387
Nigeria,NGA,2019,..
North Macedonia,MKD,1990,2.206
North Macedonia,MKD,2000,1.723
North Macedonia,MKD,2010,1.468
North Macedonia,MKD,2011,1.477
North Macedonia,MKD,2012,1.488
North Macedonia,MKD,2013,1.497
North Macedonia,MKD,2014,1.504
North Macedonia,MKD,2015,1.507
North Macedonia,MKD,2016,1.506
North Macedonia,MKD,2017,1.501
North Macedonia,MKD,2018,1.496
North Macedonia,MKD,2019,..
Northern Mariana Islands,MNP,1990,..
Northern Mariana Islands,MNP,2000,..
Northern Mariana Islands,MNP,2010,..
Northern Mariana Islands,MNP,2011,..
Northern Mariana Islands,MNP,2012,..
Northern Mariana Islands,MNP,2013,..
Northern Mariana Islands,MNP,2014,..
Northern Mariana Islands,MNP,2015,..
Northern Mariana Islands,MNP,2016,..
Northern Mariana Islands,MNP,2017,..
Northern Mariana Islands,MNP,2018,..
Northern Mariana Islands,MNP,2019,..
Norway,NOR,1990,1.93
Norway,NOR,2000,1.85
Norway,NOR,2010,1.95
Norway,NOR,2011,1.88
Norway,NOR,2012,1.85
Norway,NOR,2013,1.78
Norway,NOR,2014,1.75
Norway,NOR,2015,1.72
Norway,NOR,2016,1.71
Norway,NOR,2017,1.62
Norway,NOR,2018,1.56
Norway,NOR,2019,..
Oman,OMN,1990,7.165
Oman,OMN,2000,3.716
Oman,OMN,2010,2.873
Oman,OMN,2011,2.882
Oman,OMN,2012,2.896
Oman,OMN,2013,2.913
Oman,OMN,2014,2.93
Oman,OMN,2015,2.939
Oman,OMN,2016,2.937
Oman,OMN,2017,2.92
Oman,OMN,2018,2.888
Oman,OMN,2019,..
Pakistan,PAK,1990,6.164
Pakistan,PAK,2000,5.037
Pakistan,PAK,2010,3.951
Pakistan,PAK,2011,3.88
Pakistan,PAK,2012,3.816
Pakistan,PAK,2013,3.759
Pakistan,PAK,2014,3.708
Pakistan,PAK,2015,3.66
Pakistan,PAK,2016,3.612
Pakistan,PAK,2017,3.562
Pakistan,PAK,2018,3.51
Pakistan,PAK,2019,..
Palau,PLW,1990,2.84
Palau,PLW,2000,1.83
Palau,PLW,2010,..
Palau,PLW,2011,..
Palau,PLW,2012,2.23
Palau,PLW,2013,..
Palau,PLW,2014,..
Palau,PLW,2015,2.21
Palau,PLW,2016,..
Palau,PLW,2017,..
Palau,PLW,2018,..
Palau,PLW,2019,..
Panama,PAN,1990,3.057
Panama,PAN,2000,2.744
Panama,PAN,2010,2.622
Panama,PAN,2011,2.613
Panama,PAN,2012,2.601
Panama,PAN,2013,2.584
Panama,PAN,2014,2.564
Panama,PAN,2015,2.54
Panama,PAN,2016,2.514
Panama,PAN,2017,2.487
Panama,PAN,2018,2.461
Panama,PAN,2019,..
Papua New Guinea,PNG,1990,4.802
Papua New Guinea,PNG,2000,4.525
Papua New Guinea,PNG,2010,3.985
Papua New Guinea,PNG,2011,3.926
Papua New Guinea,PNG,2012,3.869
Papua New Guinea,PNG,2013,3.812
Papua New Guinea,PNG,2014,3.758
Papua New Guinea,PNG,2015,3.707
Papua New Guinea,PNG,2016,3.657
Papua New Guinea,PNG,2017,3.61
Papua New Guinea,PNG,2018,3.564
Papua New Guinea,PNG,2019,..
Paraguay,PRY,1990,4.547
Paraguay,PRY,2000,3.553
Paraguay,PRY,2010,2.73
Paraguay,PRY,2011,2.675
Paraguay,PRY,2012,2.625
Paraguay,PRY,2013,2.581
Paraguay,PRY,2014,2.542
Paraguay,PRY,2015,2.508
Paraguay,PRY,2016,2.479
Paraguay,PRY,2017,2.453
Paraguay,PRY,2018,2.429
Paraguay,PRY,2019,..
Peru,PER,1990,3.912
Peru,PER,2000,2.845
Peru,PER,2010,2.546
Peru,PER,2011,2.493
Peru,PER,2012,2.441
Peru,PER,2013,2.394
Peru,PER,2014,2.355
Peru,PER,2015,2.323
Peru,PER,2016,2.297
Peru,PER,2017,2.275
Peru,PER,2018,2.254
Peru,PER,2019,..
Philippines,PHL,1990,4.32
Philippines,PHL,2000,3.811
Philippines,PHL,2010,3.18
Philippines,PHL,2011,3.121
Philippines,PHL,2012,3.055
Philippines,PHL,2013,2.979
Philippines,PHL,2014,2.894
Philippines,PHL,2015,2.805
Philippines,PHL,2016,2.718
Philippines,PHL,2017,2.64
Philippines,PHL,2018,2.576
Philippines,PHL,2019,..
Poland,POL,1990,2.06
Poland,POL,2000,1.37
Poland,POL,2010,1.41
Poland,POL,2011,1.33
Poland,POL,2012,1.33
Poland,POL,2013,1.29
Poland,POL,2014,1.32
Poland,POL,2015,1.32
Poland,POL,2016,1.39
Poland,POL,2017,1.48
Poland,POL,2018,1.46
Poland,POL,2019,..
Portugal,PRT,1990,1.56
Portugal,PRT,2000,1.55
Portugal,PRT,2010,1.39
Portugal,PRT,2011,1.35
Portugal,PRT,2012,1.28
Portugal,PRT,2013,1.21
Portugal,PRT,2014,1.23
Portugal,PRT,2015,1.31
Portugal,PRT,2016,1.36
Portugal,PRT,2017,1.38
Portugal,PRT,2018,1.42
Portugal,PRT,2019,..
Puerto Rico,PRI,1990,2.219
Puerto Rico,PRI,2000,2.0485
Puerto Rico,PRI,2010,1.6235
Puerto Rico,PRI,2011,1.5965
Puerto Rico,PRI,2012,1.5425
Puerto Rico,PRI,2013,1.47
Puerto Rico,PRI,2014,1.432
Puerto Rico,PRI,2015,1.3365
Puerto Rico,PRI,2016,1.2425
Puerto Rico,PRI,2017,1.101
Puerto Rico,PRI,2018,1.035
Puerto Rico,PRI,2019,..
Qatar,QAT,1990,4.013
Qatar,QAT,2000,3.236
Qatar,QAT,2010,2.07
Qatar,QAT,2011,2.027
Qatar,QAT,2012,1.997
Qatar,QAT,2013,1.972
Qatar,QAT,2014,1.95
Qatar,QAT,2015,1.929
Qatar,QAT,2016,1.907
Qatar,QAT,2017,1.886
Qatar,QAT,2018,1.866
Qatar,QAT,2019,..
Romania,ROU,1990,1.83
Romania,ROU,2000,1.31
Romania,ROU,2010,1.59
Romania,ROU,2011,1.47
Romania,ROU,2012,1.52
Romania,ROU,2013,1.46
Romania,ROU,2014,1.56
Romania,ROU,2015,1.62
Romania,ROU,2016,1.69
Romania,ROU,2017,1.71
Romania,ROU,2018,1.76
Romania,ROU,2019,..
Russian Federation,RUS,1990,1.892
Russian Federation,RUS,2000,1.195
Russian Federation,RUS,2010,1.567
Russian Federation,RUS,2011,1.582
Russian Federation,RUS,2012,1.691
Russian Federation,RUS,2013,1.707
Russian Federation,RUS,2014,1.75
Russian Federation,RUS,2015,1.777
Russian Federation,RUS,2016,1.762
Russian Federation,RUS,2017,1.62
Russian Federation,RUS,2018,1.57
Russian Federation,RUS,2019,..
Rwanda,RWA,1990,7.184
Rwanda,RWA,2000,5.64
Rwanda,RWA,2010,4.52
Rwanda,RWA,2011,4.412
Rwanda,RWA,2012,4.322
Rwanda,RWA,2013,4.251
Rwanda,RWA,2014,4.197
Rwanda,RWA,2015,4.157
Rwanda,RWA,2016,4.123
Rwanda,RWA,2017,4.088
Rwanda,RWA,2018,4.044
Rwanda,RWA,2019,..
Samoa,WSM,1990,5.118
Samoa,WSM,2000,4.503
Samoa,WSM,2010,4.338
Samoa,WSM,2011,4.277
Samoa,WSM,2012,4.212
Samoa,WSM,2013,4.147
Samoa,WSM,2014,4.086
Samoa,WSM,2015,4.029
Samoa,WSM,2016,3.976
Samoa,WSM,2017,3.926
Samoa,WSM,2018,3.877
Samoa,WSM,2019,..
San Marino,SMR,1990,..
San Marino,SMR,2000,..
San Marino,SMR,2010,..
San Marino,SMR,2011,..
San Marino,SMR,2012,1.26
San Marino,SMR,2013,..
San Marino,SMR,2014,..
San Marino,SMR,2015,..
San Marino,SMR,2016,..
San Marino,SMR,2017,..
San Marino,SMR,2018,..
San Marino,SMR,2019,..
Sao Tome and Principe,STP,1990,5.828
Sao Tome and Principe,STP,2000,5.176
Sao Tome and Principe,STP,2010,4.727
Sao Tome and Principe,STP,2011,4.677
Sao Tome and Principe,STP,2012,4.627
Sao Tome and Principe,STP,2013,4.577
Sao Tome and Principe,STP,2014,4.527
Sao Tome and Principe,STP,2015,4.477
Sao Tome and Principe,STP,2016,4.426
Sao Tome and Principe,STP,2017,4.374
Sao Tome and Principe,STP,2018,4.321
Sao Tome and Principe,STP,2019,..
Saudi Arabia,SAU,1990,5.911
Saudi Arabia,SAU,2000,3.971
Saudi Arabia,SAU,2010,2.97
Saudi Arabia,SAU,2011,2.871
Saudi Arabia,SAU,2012,2.773
Saudi Arabia,SAU,2013,2.678
Saudi Arabia,SAU,2014,2.589
Saudi Arabia,SAU,2015,2.507
Saudi Arabia,SAU,2016,2.435
Saudi Arabia,SAU,2017,2.373
Saudi Arabia,SAU,2018,2.319
Saudi Arabia,SAU,2019,..
Senegal,SEN,1990,6.448
Senegal,SEN,2000,5.448
Senegal,SEN,2010,5.064
Senegal,SEN,2011,5.039
Senegal,SEN,2012,5.005
Senegal,SEN,2013,4.96
Senegal,SEN,2014,4.905
Senegal,SEN,2015,4.841
Senegal,SEN,2016,4.77
Senegal,SEN,2017,4.697
Senegal,SEN,2018,4.625
Senegal,SEN,2019,..
Serbia,SRB,1990,..
Serbia,SRB,2000,1.48
Serbia,SRB,2010,1.4
Serbia,SRB,2011,1.4
Serbia,SRB,2012,1.45
Serbia,SRB,2013,1.43
Serbia,SRB,2014,1.46
Serbia,SRB,2015,1.46
Serbia,SRB,2016,1.46
Serbia,SRB,2017,1.49
Serbia,SRB,2018,1.49
Serbia,SRB,2019,..
Seychelles,SYC,1990,..
Seychelles,SYC,2000,2.08
Seychelles,SYC,2010,2.16
Seychelles,SYC,2011,2.33
Seychelles,SYC,2012,2.37
Seychelles,SYC,2013,2.26
Seychelles,SYC,2014,2.25
Seychelles,SYC,2015,2.31
Seychelles,SYC,2016,2.39
Seychelles,SYC,2017,2.41
Seychelles,SYC,2018,2.41
Seychelles,SYC,2019,..
Sierra Leone,SLE,1990,6.721
Sierra Leone,SLE,2000,6.319
Sierra Leone,SLE,2010,5.202
Sierra Leone,SLE,2011,5.06
Sierra Leone,SLE,2012,4.923
Sierra Leone,SLE,2013,4.793
Sierra Leone,SLE,2014,4.672
Sierra Leone,SLE,2015,4.561
Sierra Leone,SLE,2016,4.457
Sierra Leone,SLE,2017,4.359
Sierra Leone,SLE,2018,4.263
Sierra Leone,SLE,2019,..
Singapore,SGP,1990,1.83
Singapore,SGP,2000,1.6
Singapore,SGP,2010,1.15
Singapore,SGP,2011,1.2
Singapore,SGP,2012,1.29
Singapore,SGP,2013,1.19
Singapore,SGP,2014,1.25
Singapore,SGP,2015,1.24
Singapore,SGP,2016,1.2
Singapore,SGP,2017,1.16
Singapore,SGP,2018,1.14
Singapore,SGP,2019,..
Sint Maarten (Dutch part),SXM,1990,..
Sint Maarten (Dutch part),SXM,2000,..
Sint Maarten (Dutch part),SXM,2010,..
Sint Maarten (Dutch part),SXM,2011,2.03
Sint Maarten (Dutch part),SXM,2012,..
Sint Maarten (Dutch part),SXM,2013,..
Sint Maarten (Dutch part),SXM,2014,..
Sint Maarten (Dutch part),SXM,2015,..
Sint Maarten (Dutch part),SXM,2016,..
Sint Maarten (Dutch part),SXM,2017,..
Sint Maarten (Dutch part),SXM,2018,..
Sint Maarten (Dutch part),SXM,2019,..
Slovak Republic,SVK,1990,2.09
Slovak Republic,SVK,2000,1.3
Slovak Republic,SVK,2010,1.43
Slovak Republic,SVK,2011,1.45
Slovak Republic,SVK,2012,1.34
Slovak Republic,SVK,2013,1.34
Slovak Republic,SVK,2014,1.37
Slovak Republic,SVK,2015,1.4
Slovak Republic,SVK,2016,1.48
Slovak Republic,SVK,2017,1.52
Slovak Republic,SVK,2018,1.54
Slovak Republic,SVK,2019,..
Slovenia,SVN,1990,1.46
Slovenia,SVN,2000,1.26
Slovenia,SVN,2010,1.57
Slovenia,SVN,2011,1.56
Slovenia,SVN,2012,1.58
Slovenia,SVN,2013,1.55
Slovenia,SVN,2014,1.58
Slovenia,SVN,2015,1.57
Slovenia,SVN,2016,1.58
Slovenia,SVN,2017,1.62
Slovenia,SVN,2018,1.6
Slovenia,SVN,2019,..
Solomon Islands,SLB,1990,5.851
Solomon Islands,SLB,2000,4.719
Solomon Islands,SLB,2010,4.403
Solomon Islands,SLB,2011,4.413
Solomon Islands,SLB,2012,4.428
Solomon Islands,SLB,2013,4.443
Solomon Islands,SLB,2014,4.455
Solomon Islands,SLB,2015,4.459
Solomon Islands,SLB,2016,4.452
Solomon Islands,SLB,2017,4.434
Solomon Islands,SLB,2018,4.403
Solomon Islands,SLB,2019,..
Somalia,SOM,1990,7.398
Somalia,SOM,2000,7.627
Somalia,SOM,2010,6.865
Somalia,SOM,2011,6.765
Somalia,SOM,2012,6.664
Somalia,SOM,2013,6.563
Somalia,SOM,2014,6.462
Somalia,SOM,2015,6.363
Somalia,SOM,2016,6.265
Somalia,SOM,2017,6.168
Somalia,SOM,2018,6.072
Somalia,SOM,2019,..
South Africa,ZAF,1990,3.964
South Africa,ZAF,2000,2.694
South Africa,ZAF,2010,2.598
South Africa,ZAF,2011,2.582
South Africa,ZAF,2012,2.561
South Africa,ZAF,2013,2.537
South Africa,ZAF,2014,2.511
South Africa,ZAF,2015,2.484
South Africa,ZAF,2016,2.457
South Africa,ZAF,2017,2.43
South Africa,ZAF,2018,2.405
South Africa,ZAF,2019,..
South Sudan,SSD,1990,6.761
South Sudan,SSD,2000,6.223
South Sudan,SSD,2010,5.376
South Sudan,SSD,2011,5.286
South Sudan,SSD,2012,5.197
South Sudan,SSD,2013,5.108
South Sudan,SSD,2014,5.022
South Sudan,SSD,2015,4.937
South Sudan,SSD,2016,4.855
South Sudan,SSD,2017,4.775
South Sudan,SSD,2018,4.696
South Sudan,SSD,2019,..
Spain,ESP,1990,1.36
Spain,ESP,2000,1.22
Spain,ESP,2010,1.37
Spain,ESP,2011,1.34
Spain,ESP,2012,1.32
Spain,ESP,2013,1.27
Spain,ESP,2014,1.32
Spain,ESP,2015,1.33
Spain,ESP,2016,1.34
Spain,ESP,2017,1.31
Spain,ESP,2018,1.26
Spain,ESP,2019,..
Sri Lanka,LKA,1990,2.483
Sri Lanka,LKA,2000,2.24
Sri Lanka,LKA,2010,2.248
Sri Lanka,LKA,2011,2.237
Sri Lanka,LKA,2012,2.227
Sri Lanka,LKA,2013,2.22
Sri Lanka,LKA,2014,2.216
Sri Lanka,LKA,2015,2.213
Sri Lanka,LKA,2016,2.211
Sri Lanka,LKA,2017,2.206
Sri Lanka,LKA,2018,2.199
Sri Lanka,LKA,2019,..
St. Kitts and Nevis,KNA,1990,..
St. Kitts and Nevis,KNA,2000,..
St. Kitts and Nevis,KNA,2010,..
St. Kitts and Nevis,KNA,2011,..
St. Kitts and Nevis,KNA,2012,..
St. Kitts and Nevis,KNA,2013,..
St. Kitts and Nevis,KNA,2014,..
St. Kitts and Nevis,KNA,2015,..
St. Kitts and Nevis,KNA,2016,..
St. Kitts and Nevis,KNA,2017,..
St. Kitts and Nevis,KNA,2018,..
St. Kitts and Nevis,KNA,2019,..
St. Lucia,LCA,1990,3.399
St. Lucia,LCA,2000,2.202
St. Lucia,LCA,2010,1.538
St. Lucia,LCA,2011,1.522
St. Lucia,LCA,2012,1.508
St. Lucia,LCA,2013,1.496
St. Lucia,LCA,2014,1.485
St. Lucia,LCA,2015,1.473
St. Lucia,LCA,2016,1.461
St. Lucia,LCA,2017,1.448
St. Lucia,LCA,2018,1.436
St. Lucia,LCA,2019,..
St. Martin (French part),MAF,1990,2.12
St. Martin (French part),MAF,2000,1.83
St. Martin (French part),MAF,2010,1.82
St. Martin (French part),MAF,2011,1.82
St. Martin (French part),MAF,2012,1.82
St. Martin (French part),MAF,2013,1.81
St. Martin (French part),MAF,2014,1.81
St. Martin (French part),MAF,2015,1.81
St. Martin (French part),MAF,2016,1.81
St. Martin (French part),MAF,2017,1.81
St. Martin (French part),MAF,2018,1.81
St. Martin (French part),MAF,2019,..
St. Vincent and the Grenadines,VCT,1990,2.956
St. Vincent and the Grenadines,VCT,2000,2.379
St. Vincent and the Grenadines,VCT,2010,2.07
St. Vincent and the Grenadines,VCT,2011,2.046
St. Vincent and the Grenadines,VCT,2012,2.021
St. Vincent and the Grenadines,VCT,2013,1.998
St. Vincent and the Grenadines,VCT,2014,1.975
St. Vincent and the Grenadines,VCT,2015,1.953
St. Vincent and the Grenadines,VCT,2016,1.931
St. Vincent and the Grenadines,VCT,2017,1.911
St. Vincent and the Grenadines,VCT,2018,1.891
St. Vincent and the Grenadines,VCT,2019,..
Sudan,SDN,1990,6.152
Sudan,SDN,2000,5.471
Sudan,SDN,2010,4.876
Sudan,SDN,2011,4.824
Sudan,SDN,2012,4.771
Sudan,SDN,2013,4.715
Sudan,SDN,2014,4.656
Sudan,SDN,2015,4.594
Sudan,SDN,2016,4.532
Sudan,SDN,2017,4.469
Sudan,SDN,2018,4.407
Sudan,SDN,2019,..
Suriname,SUR,1990,3.267
Suriname,SUR,2000,2.895
Suriname,SUR,2010,2.61
Suriname,SUR,2011,2.587
Suriname,SUR,2012,2.565
Suriname,SUR,2013,2.543
Suriname,SUR,2014,2.519
Suriname,SUR,2015,2.494
Suriname,SUR,2016,2.469
Suriname,SUR,2017,2.443
Suriname,SUR,2018,2.418
Suriname,SUR,2019,..
Sweden,SWE,1990,2.13
Sweden,SWE,2000,1.54
Sweden,SWE,2010,1.98
Sweden,SWE,2011,1.9
Sweden,SWE,2012,1.91
Sweden,SWE,2013,1.89
Sweden,SWE,2014,1.88
Sweden,SWE,2015,1.85
Sweden,SWE,2016,1.85
Sweden,SWE,2017,1.78
Sweden,SWE,2018,1.76
Sweden,SWE,2019,..
Switzerland,CHE,1990,1.58
Switzerland,CHE,2000,1.5
Switzerland,CHE,2010,1.52
Switzerland,CHE,2011,1.52
Switzerland,CHE,2012,1.52
Switzerland,CHE,2013,1.52
Switzerland,CHE,2014,1.54
Switzerland,CHE,2015,1.54
Switzerland,CHE,2016,1.54
Switzerland,CHE,2017,1.52
Switzerland,CHE,2018,1.52
Switzerland,CHE,2019,..
Syrian Arab Republic,SYR,1990,5.309
Syrian Arab Republic,SYR,2000,4.076
Syrian Arab Republic,SYR,2010,3.404
Syrian Arab Republic,SYR,2011,3.29
Syrian Arab Republic,SYR,2012,3.181
Syrian Arab Republic,SYR,2013,3.085
Syrian Arab Republic,SYR,2014,3.005
Syrian Arab Republic,SYR,2015,2.94
Syrian Arab Republic,SYR,2016,2.889
Syrian Arab Republic,SYR,2017,2.847
Syrian Arab Republic,SYR,2018,2.808
Syrian Arab Republic,SYR,2019,..
Tajikistan,TJK,1990,5.225
Tajikistan,TJK,2000,3.967
Tajikistan,TJK,2010,3.599
Tajikistan,TJK,2011,3.603
Tajikistan,TJK,2012,3.608
Tajikistan,TJK,2013,3.615
Tajikistan,TJK,2014,3.621
Tajikistan,TJK,2015,3.623
Tajikistan,TJK,2016,3.618
Tajikistan,TJK,2017,3.606
Tajikistan,TJK,2018,3.585
Tajikistan,TJK,2019,..
Tanzania,TZA,1990,6.213
Tanzania,TZA,2000,5.689
Tanzania,TZA,2010,5.427
Tanzania,TZA,2011,5.358
Tanzania,TZA,2012,5.287
Tanzania,TZA,2013,5.215
Tanzania,TZA,2014,5.146
Tanzania,TZA,2015,5.079
Tanzania,TZA,2016,5.015
Tanzania,TZA,2017,4.953
Tanzania,TZA,2018,4.892
Tanzania,TZA,2019,..
Thailand,THA,1990,2.113
Thailand,THA,2000,1.671
Thailand,THA,2010,1.542
Thailand,THA,2011,1.539
Thailand,THA,2012,1.538
Thailand,THA,2013,1.538
Thailand,THA,2014,1.538
Thailand,THA,2015,1.538
Thailand,THA,2016,1.537
Thailand,THA,2017,1.532
Thailand,THA,2018,1.525
Thailand,THA,2019,..
Timor-Leste,TLS,1990,5.478
Timor-Leste,TLS,2000,6.113
Timor-Leste,TLS,2010,4.805
Timor-Leste,TLS,2011,4.637
Timor-Leste,TLS,2012,4.497
Timor-Leste,TLS,2013,4.383
Timor-Leste,TLS,2014,4.292
Timor-Leste,TLS,2015,4.219
Timor-Leste,TLS,2016,4.156
Timor-Leste,TLS,2017,4.093
Timor-Leste,TLS,2018,4.023
Timor-Leste,TLS,2019,..
Togo,TGO,1990,6.185
Togo,TGO,2000,5.419
Togo,TGO,2010,4.868
Togo,TGO,2011,4.798
Togo,TGO,2012,4.727
Togo,TGO,2013,4.656
Togo,TGO,2014,4.585
Togo,TGO,2015,4.516
Togo,TGO,2016,4.449
Togo,TGO,2017,4.384
Togo,TGO,2018,4.32
Togo,TGO,2019,..
Tonga,TON,1990,4.644
Tonga,TON,2000,4.25
Tonga,TON,2010,3.913
Tonga,TON,2011,3.864
Tonga,TON,2012,3.815
Tonga,TON,2013,3.768
Tonga,TON,2014,3.722
Tonga,TON,2015,3.678
Tonga,TON,2016,3.636
Tonga,TON,2017,3.595
Tonga,TON,2018,3.556
Tonga,TON,2019,..
Trinidad and Tobago,TTO,1990,2.453
Trinidad and Tobago,TTO,2000,1.753
Trinidad and Tobago,TTO,2010,1.806
Trinidad and Tobago,TTO,2011,1.804
Trinidad and Tobago,TTO,2012,1.799
Trinidad and Tobago,TTO,2013,1.79
Trinidad and Tobago,TTO,2014,1.78
Trinidad and Tobago,TTO,2015,1.767
Trinidad and Tobago,TTO,2016,1.753
Trinidad and Tobago,TTO,2017,1.739
Trinidad and Tobago,TTO,2018,1.725
Trinidad and Tobago,TTO,2019,..
Tunisia,TUN,1990,3.476
Tunisia,TUN,2000,2.142
Tunisia,TUN,2010,2.14
Tunisia,TUN,2011,2.182
Tunisia,TUN,2012,2.216
Tunisia,TUN,2013,2.24
Tunisia,TUN,2014,2.252
Tunisia,TUN,2015,2.251
Tunisia,TUN,2016,2.238
Tunisia,TUN,2017,2.219
Tunisia,TUN,2018,2.197
Tunisia,TUN,2019,..
Turkey,TUR,1990,3.107
Turkey,TUR,2000,2.503
Turkey,TUR,2010,2.151
Turkey,TUR,2011,2.137
Turkey,TUR,2012,2.126
Turkey,TUR,2013,2.117
Turkey,TUR,2014,2.109
Turkey,TUR,2015,2.101
Turkey,TUR,2016,2.092
Turkey,TUR,2017,2.081
Turkey,TUR,2018,2.069
Turkey,TUR,2019,..
Turkmenistan,TKM,1990,4.344
Turkmenistan,TKM,2000,2.824
Turkmenistan,TKM,2010,2.833
Turkmenistan,TKM,2011,2.892
Turkmenistan,TKM,2012,2.936
Turkmenistan,TKM,2013,2.958
Turkmenistan,TKM,2014,2.956
Turkmenistan,TKM,2015,2.93
Turkmenistan,TKM,2016,2.887
Turkmenistan,TKM,2017,2.836
Turkmenistan,TKM,2018,2.786
Turkmenistan,TKM,2019,..
Turks and Caicos Islands,TCA,1990,..
Turks and Caicos Islands,TCA,2000,..
Turks and Caicos Islands,TCA,2010,..
Turks and Caicos Islands,TCA,2011,..
Turks and Caicos Islands,TCA,2012,..
Turks and Caicos Islands,TCA,2013,..
Turks and Caicos Islands,TCA,2014,..
Turks and Caicos Islands,TCA,2015,..
Turks and Caicos Islands,TCA,2016,..
Turks and Caicos Islands,TCA,2017,..
Turks and Caicos Islands,TCA,2018,..
Turks and Caicos Islands,TCA,2019,..
Tuvalu,TUV,1990,..
Tuvalu,TUV,2000,..
Tuvalu,TUV,2010,..
Tuvalu,TUV,2011,..
Tuvalu,TUV,2012,..
Tuvalu,TUV,2013,..
Tuvalu,TUV,2014,..
Tuvalu,TUV,2015,..
Tuvalu,TUV,2016,..
Tuvalu,TUV,2017,..
Tuvalu,TUV,2018,..
Tuvalu,TUV,2019,..
Uganda,UGA,1990,7.091
Uganda,UGA,2000,6.866
Uganda,UGA,2010,6.111
Uganda,UGA,2011,5.983
Uganda,UGA,2012,5.845
Uganda,UGA,2013,5.699
Uganda,UGA,2014,5.547
Uganda,UGA,2015,5.394
Uganda,UGA,2016,5.242
Uganda,UGA,2017,5.095
Uganda,UGA,2018,4.955
Uganda,UGA,2019,..
Ukraine,UKR,1990,1.844
Ukraine,UKR,2000,1.11
Ukraine,UKR,2010,1.443
Ukraine,UKR,2011,1.459
Ukraine,UKR,2012,1.531
Ukraine,UKR,2013,1.506
Ukraine,UKR,2014,1.498
Ukraine,UKR,2015,1.506
Ukraine,UKR,2016,1.466
Ukraine,UKR,2017,1.374
Ukraine,UKR,2018,1.301
Ukraine,UKR,2019,..
United Arab Emirates,ARE,1990,4.454
United Arab Emirates,ARE,2000,2.644
United Arab Emirates,ARE,2010,1.819
United Arab Emirates,ARE,2011,1.763
United Arab Emirates,ARE,2012,1.708
United Arab Emirates,ARE,2013,1.651
United Arab Emirates,ARE,2014,1.595
United Arab Emirates,ARE,2015,1.541
United Arab Emirates,ARE,2016,1.491
United Arab Emirates,ARE,2017,1.448
United Arab Emirates,ARE,2018,1.413
United Arab Emirates,ARE,2019,..
United Kingdom,GBR,1990,1.83
United Kingdom,GBR,2000,1.64
United Kingdom,GBR,2010,1.92
United Kingdom,GBR,2011,1.91
United Kingdom,GBR,2012,1.92
United Kingdom,GBR,2013,1.83
United Kingdom,GBR,2014,1.81
United Kingdom,GBR,2015,1.8
United Kingdom,GBR,2016,1.79
United Kingdom,GBR,2017,1.74
United Kingdom,GBR,2018,1.68
United Kingdom,GBR,2019,..
United States,USA,1990,2.081
United States,USA,2000,2.056
United States,USA,2010,1.931
United States,USA,2011,1.8945
United States,USA,2012,1.8805
United States,USA,2013,1.8575
United States,USA,2014,1.8625
United States,USA,2015,1.8435
United States,USA,2016,1.8205
United States,USA,2017,1.7655
United States,USA,2018,1.7295
United States,USA,2019,..
Uruguay,URY,1990,2.52
Uruguay,URY,2000,2.237
Uruguay,URY,2010,2.011
Uruguay,URY,2011,2.008
Uruguay,URY,2012,2.006
Uruguay,URY,2013,2.004
Uruguay,URY,2014,2.002
Uruguay,URY,2015,1.997
Uruguay,URY,2016,1.991
Uruguay,URY,2017,1.983
Uruguay,URY,2018,1.973
Uruguay,URY,2019,..
Uzbekistan,UZB,1990,4.072
Uzbekistan,UZB,2000,2.58
Uzbekistan,UZB,2010,2.342
Uzbekistan,UZB,2011,2.236
Uzbekistan,UZB,2012,2.193
Uzbekistan,UZB,2013,2.35
Uzbekistan,UZB,2014,2.457
Uzbekistan,UZB,2015,2.491
Uzbekistan,UZB,2016,2.455
Uzbekistan,UZB,2017,2.419
Uzbekistan,UZB,2018,2.419
Uzbekistan,UZB,2019,..
Vanuatu,VUT,1990,4.926
Vanuatu,VUT,2000,4.492
Vanuatu,VUT,2010,4.1
Vanuatu,VUT,2011,4.06
Vanuatu,VUT,2012,4.019
Vanuatu,VUT,2013,3.979
Vanuatu,VUT,2014,3.939
Vanuatu,VUT,2015,3.898
Vanuatu,VUT,2016,3.859
Vanuatu,VUT,2017,3.82
Vanuatu,VUT,2018,3.782
Vanuatu,VUT,2019,..
"Venezuela, RB",VEN,1990,3.448
"Venezuela, RB",VEN,2000,2.822
"Venezuela, RB",VEN,2010,2.471
"Venezuela, RB",VEN,2011,2.444
"Venezuela, RB",VEN,2012,2.417
"Venezuela, RB",VEN,2013,2.39
"Venezuela, RB",VEN,2014,2.365
"Venezuela, RB",VEN,2015,2.34
"Venezuela, RB",VEN,2016,2.317
"Venezuela, RB",VEN,2017,2.294
"Venezuela, RB",VEN,2018,2.272
"Venezuela, RB",VEN,2019,..
Vietnam,VNM,1990,3.553
Vietnam,VNM,2000,2.01
Vietnam,VNM,2010,1.938
Vietnam,VNM,2011,1.949
Vietnam,VNM,2012,1.962
Vietnam,VNM,2013,1.978
Vietnam,VNM,2014,1.996
Vietnam,VNM,2015,2.014
Vietnam,VNM,2016,2.03
Vietnam,VNM,2017,2.042
Vietnam,VNM,2018,2.049
Vietnam,VNM,2019,..
Virgin Islands (U.S.),VIR,1990,2.954
Virgin Islands (U.S.),VIR,2000,2.06
Virgin Islands (U.S.),VIR,2010,2.3
Virgin Islands (U.S.),VIR,2011,2.16
Virgin Islands (U.S.),VIR,2012,2.05
Virgin Islands (U.S.),VIR,2013,2.07
Virgin Islands (U.S.),VIR,2014,2.09
Virgin Islands (U.S.),VIR,2015,2.11
Virgin Islands (U.S.),VIR,2016,2.09
Virgin Islands (U.S.),VIR,2017,2.08
Virgin Islands (U.S.),VIR,2018,2.06
Virgin Islands (U.S.),VIR,2019,..
West Bank and Gaza,PSE,1990,6.718
West Bank and Gaza,PSE,2000,5.383
West Bank and Gaza,PSE,2010,4.437
West Bank and Gaza,PSE,2011,4.36
West Bank and Gaza,PSE,2012,4.272
West Bank and Gaza,PSE,2013,4.174
West Bank and Gaza,PSE,2014,4.067
West Bank and Gaza,PSE,2015,3.955
West Bank and Gaza,PSE,2016,3.844
West Bank and Gaza,PSE,2017,3.738
West Bank and Gaza,PSE,2018,3.643
West Bank and Gaza,PSE,2019,..
"Yemen, Rep.",YEM,1990,8.606
"Yemen, Rep.",YEM,2000,6.313
"Yemen, Rep.",YEM,2010,4.674
"Yemen, Rep.",YEM,2011,4.554
"Yemen, Rep.",YEM,2012,4.439
"Yemen, Rep.",YEM,2013,4.326
"Yemen, Rep.",YEM,2014,4.214
"Yemen, Rep.",YEM,2015,4.103
"Yemen, Rep.",YEM,2016,3.994
"Yemen, Rep.",YEM,2017,3.89
"Yemen, Rep.",YEM,2018,3.792
"Yemen, Rep.",YEM,2019,..
Zambia,ZMB,1990,6.442
Zambia,ZMB,2000,6.036
Zambia,ZMB,2010,5.415
Zambia,ZMB,2011,5.328
Zambia,ZMB,2012,5.233
Zambia,ZMB,2013,5.132
Zambia,ZMB,2014,5.026
Zambia,ZMB,2015,4.918
Zambia,ZMB,2016,4.814
Zambia,ZMB,2017,4.718
Zambia,ZMB,2018,4.633
Zambia,ZMB,2019,..
Zimbabwe,ZWE,1990,4.862
Zimbabwe,ZWE,2000,3.748
Zimbabwe,ZWE,2010,4.034
Zimbabwe,ZWE,2011,4.059
Zimbabwe,ZWE,2012,4.058
Zimbabwe,ZWE,2013,4.03
Zimbabwe,ZWE,2014,3.974
Zimbabwe,ZWE,2015,3.896
Zimbabwe,ZWE,2016,3.804
Zimbabwe,ZWE,2017,3.707
Zimbabwe,ZWE,2018,3.615
Zimbabwe,ZWE,2019,..
Arab World,ARB,1990,5.186831545
Arab World,ARB,2000,3.845712512
Arab World,ARB,2010,3.47038388
Arab World,ARB,2011,3.463100139
Arab World,ARB,2012,3.450653635
Arab World,ARB,2013,3.430463779
Arab World,ARB,2014,3.402058688
Arab World,ARB,2015,3.365221092
Arab World,ARB,2016,3.322465339
Arab World,ARB,2017,3.276553247
Arab World,ARB,2018,3.231091163
Arab World,ARB,2019,..
Caribbean small states,CSS,1990,2.865766722
Caribbean small states,CSS,2000,2.438238723
Caribbean small states,CSS,2010,2.153183923
Caribbean small states,CSS,2011,2.129432941
Caribbean small states,CSS,2012,2.106452644
Caribbean small states,CSS,2013,2.084479746
Caribbean small states,CSS,2014,2.064269377
Caribbean small states,CSS,2015,2.045250344
Caribbean small states,CSS,2016,2.027645641
Caribbean small states,CSS,2017,2.010752938
Caribbean small states,CSS,2018,1.995133741
Caribbean small states,CSS,2019,..
Central Europe and the Baltics,CEB,1990,1.931081933
Central Europe and the Baltics,CEB,2000,1.317743134
Central Europe and the Baltics,CEB,2010,1.465227979
Central Europe and the Baltics,CEB,2011,1.396131967
Central Europe and the Baltics,CEB,2012,1.415727636
Central Europe and the Baltics,CEB,2013,1.387969817
Central Europe and the Baltics,CEB,2014,1.443181764
Central Europe and the Baltics,CEB,2015,1.461985364
Central Europe and the Baltics,CEB,2016,1.521781191
Central Europe and the Baltics,CEB,2017,1.567828625
Central Europe and the Baltics,CEB,2018,1.574408668
Central Europe and the Baltics,CEB,2019,..
Early-demographic dividend,EAR,1990,4.225264711
Early-demographic dividend,EAR,2000,3.342811218
Early-demographic dividend,EAR,2010,2.772131999
Early-demographic dividend,EAR,2011,2.723593906
Early-demographic dividend,EAR,2012,2.679546289
Early-demographic dividend,EAR,2013,2.64089428
Early-demographic dividend,EAR,2014,2.605368157
Early-demographic dividend,EAR,2015,2.572599161
Early-demographic dividend,EAR,2016,2.541626293
Early-demographic dividend,EAR,2017,2.513026079
Early-demographic dividend,EAR,2018,2.485899668
Early-demographic dividend,EAR,2019,..
East Asia & Pacific,EAS,1990,2.471901236
East Asia & Pacific,EAS,2000,1.850592774
East Asia & Pacific,EAS,2010,1.819649139
East Asia & Pacific,EAS,2011,1.82263956
East Asia & Pacific,EAS,2012,1.828716079
East Asia & Pacific,EAS,2013,1.825113972
East Asia & Pacific,EAS,2014,1.827716086
East Asia & Pacific,EAS,2015,1.831081638
East Asia & Pacific,EAS,2016,1.829611266
East Asia & Pacific,EAS,2017,1.825949415
East Asia & Pacific,EAS,2018,1.823004187
East Asia & Pacific,EAS,2019,..
East Asia & Pacific (excluding high income),EAP,1990,2.587220263
East Asia & Pacific (excluding high income),EAP,2000,1.896443691
East Asia & Pacific (excluding high income),EAP,2010,1.869019897
East Asia & Pacific (excluding high income),EAP,2011,1.869387204
East Asia & Pacific (excluding high income),EAP,2012,1.870698644
East Asia & Pacific (excluding high income),EAP,2013,1.872175345
East Asia & Pacific (excluding high income),EAP,2014,1.873666421
East Asia & Pacific (excluding high income),EAP,2015,1.874993254
East Asia & Pacific (excluding high income),EAP,2016,1.876299905
East Asia & Pacific (excluding high income),EAP,2017,1.876524029
East Asia & Pacific (excluding high income),EAP,2018,1.876543583
East Asia & Pacific (excluding high income),EAP,2019,..
East Asia & Pacific (IDA & IBRD countries),TEA,1990,2.591306322
East Asia & Pacific (IDA & IBRD countries),TEA,2000,1.895273422
East Asia & Pacific (IDA & IBRD countries),TEA,2010,1.868168753
East Asia & Pacific (IDA & IBRD countries),TEA,2011,1.868586973
East Asia & Pacific (IDA & IBRD countries),TEA,2012,1.86994787
East Asia & Pacific (IDA & IBRD countries),TEA,2013,1.871463574
East Asia & Pacific (IDA & IBRD countries),TEA,2014,1.873007253
East Asia & Pacific (IDA & IBRD countries),TEA,2015,1.874398673
East Asia & Pacific (IDA & IBRD countries),TEA,2016,1.875783916
East Asia & Pacific (IDA & IBRD countries),TEA,2017,1.876086443
East Asia & Pacific (IDA & IBRD countries),TEA,2018,1.876194842
East Asia & Pacific (IDA & IBRD countries),TEA,2019,..
Euro area,EMU,1990,1.534250671
Euro area,EMU,2000,1.47089341
Euro area,EMU,2010,1.580367667
Euro area,EMU,2011,1.562092378
Euro area,EMU,2012,1.554409718
Euro area,EMU,2013,1.530457456
Euro area,EMU,2014,1.551378779
Euro area,EMU,2015,1.549776602
Euro area,EMU,2016,1.568996892
Euro area,EMU,2017,1.545477375
Euro area,EMU,2018,1.525677664
Euro area,EMU,2019,..
Europe & Central Asia,ECS,1990,1.957527315
Europe & Central Asia,ECS,2000,1.556624035
Europe & Central Asia,ECS,2010,1.728535899
Europe & Central Asia,ECS,2011,1.713863025
Europe & Central Asia,ECS,2012,1.739958168
Europe & Central Asia,ECS,2013,1.730148687
Europe & Central Asia,ECS,2014,1.757491231
Europe & Central Asia,ECS,2015,1.764686615
Europe & Central Asia,ECS,2016,1.770969213
Europe & Central Asia,ECS,2017,1.729742592
Europe & Central Asia,ECS,2018,1.710736388
Europe & Central Asia,ECS,2019,..
Europe & Central Asia (excluding high income),ECA,1990,2.342123389
Europe & Central Asia (excluding high income),ECA,2000,1.642188137
Europe & Central Asia (excluding high income),ECA,2010,1.852432652
Europe & Central Asia (excluding high income),ECA,2011,1.849677496
Europe & Central Asia (excluding high income),ECA,2012,1.904929132
Europe & Central Asia (excluding high income),ECA,2013,1.920078534
Europe & Central Asia (excluding high income),ECA,2014,1.957618989
Europe & Central Asia (excluding high income),ECA,2015,1.974427388
Europe & Central Asia (excluding high income),ECA,2016,1.963631097
Europe & Central Asia (excluding high income),ECA,2017,1.894936712
Europe & Central Asia (excluding high income),ECA,2018,1.879397834
Europe & Central Asia (excluding high income),ECA,2019,..
Europe & Central Asia (IDA & IBRD countries),TEC,1990,2.307972699
Europe & Central Asia (IDA & IBRD countries),TEC,2000,1.615859875
Europe & Central Asia (IDA & IBRD countries),TEC,2010,1.813658532
Europe & Central Asia (IDA & IBRD countries),TEC,2011,1.804267086
Europe & Central Asia (IDA & IBRD countries),TEC,2012,1.854974083
Europe & Central Asia (IDA & IBRD countries),TEC,2013,1.865257301
Europe & Central Asia (IDA & IBRD countries),TEC,2014,1.90206669
Europe & Central Asia (IDA & IBRD countries),TEC,2015,1.917194835
Europe & Central Asia (IDA & IBRD countries),TEC,2016,1.913331823
Europe & Central Asia (IDA & IBRD countries),TEC,2017,1.858111998
Europe & Central Asia (IDA & IBRD countries),TEC,2018,1.842989631
Europe & Central Asia (IDA & IBRD countries),TEC,2019,..
European Union,EUU,1990,1.634803054
European Union,EUU,2000,1.441287139
European Union,EUU,2010,1.567309708
European Union,EUU,2011,1.533534004
European Union,EUU,2012,1.5332705
European Union,EUU,2013,1.507338113
European Union,EUU,2014,1.53528332
European Union,EUU,2015,1.537246397
European Union,EUU,2016,1.566146365
European Union,EUU,2017,1.557486008
European Union,EUU,2018,1.543452257
European Union,EUU,2019,..
Fragile and conflict affected situations,FCS,1990,5.913317728
Fragile and conflict affected situations,FCS,2000,5.384950037
Fragile and conflict affected situations,FCS,2010,4.977447678
Fragile and conflict affected situations,FCS,2011,4.928033081
Fragile and conflict affected situations,FCS,2012,4.875782219
Fragile and conflict affected situations,FCS,2013,4.821352691
Fragile and conflict affected situations,FCS,2014,4.764772157
Fragile and conflict affected situations,FCS,2015,4.706621174
Fragile and conflict affected situations,FCS,2016,4.648280159
Fragile and conflict affected situations,FCS,2017,4.590391686
Fragile and conflict affected situations,FCS,2018,4.533128101
Fragile and conflict affected situations,FCS,2019,..
Heavily indebted poor countries (HIPC),HPC,1990,6.589262795
Heavily indebted poor countries (HIPC),HPC,2000,6.068086342
Heavily indebted poor countries (HIPC),HPC,2010,5.367059784
Heavily indebted poor countries (HIPC),HPC,2011,5.285050134
Heavily indebted poor countries (HIPC),HPC,2012,5.20142545
Heavily indebted poor countries (HIPC),HPC,2013,5.116633034
Heavily indebted poor countries (HIPC),HPC,2014,5.031545815
Heavily indebted poor countries (HIPC),HPC,2015,4.946646116
Heavily indebted poor countries (HIPC),HPC,2016,4.862333242
Heavily indebted poor countries (HIPC),HPC,2017,4.779579073
Heavily indebted poor countries (HIPC),HPC,2018,4.698652301
Heavily indebted poor countries (HIPC),HPC,2019,..
High income,HIC,1990,1.85185187
High income,HIC,2000,1.708876405
High income,HIC,2010,1.705171321
High income,HIC,2011,1.688078442
High income,HIC,2012,1.693547468
High income,HIC,2013,1.659836538
High income,HIC,2014,1.669395545
High income,HIC,2015,1.665308596
High income,HIC,2016,1.659291076
High income,HIC,2017,1.625338654
High income,HIC,2018,1.597938186
High income,HIC,2019,..
IBRD only,IBD,1990,3.076809131
IBRD only,IBD,2000,2.358012274
IBRD only,IBD,2010,2.155773614
IBRD only,IBD,2011,2.13884252
IBRD only,IBD,2012,2.129299462
IBRD only,IBD,2013,2.116374776
IBRD only,IBD,2014,2.107674997
IBRD only,IBD,2015,2.099066732
IBRD only,IBD,2016,2.090617491
IBRD only,IBD,2017,2.077811793
IBRD only,IBD,2018,2.068011952
IBRD only,IBD,2019,..
IDA & IBRD total,IBT,1990,3.578159761
IDA & IBRD total,IBT,2000,2.889791725
IDA & IBRD total,IBT,2010,2.656476749
IDA & IBRD total,IBT,2011,2.636544155
IDA & IBRD total,IBT,2012,2.622999282
IDA & IBRD total,IBT,2013,2.607980055
IDA & IBRD total,IBT,2014,2.596440427
IDA & IBRD total,IBT,2015,2.584768077
IDA & IBRD total,IBT,2016,2.572427376
IDA & IBRD total,IBT,2017,2.557044538
IDA & IBRD total,IBT,2018,2.544862381
IDA & IBRD total,IBT,2019,..
IDA blend,IDB,1990,5.957549765
IDA blend,IDB,2000,5.120993114
IDA blend,IDB,2010,4.512013581
IDA blend,IDB,2011,4.451525776
IDA blend,IDB,2012,4.396922567
IDA blend,IDB,2013,4.356875276
IDA blend,IDB,2014,4.312825087
IDA blend,IDB,2015,4.263383288
IDA blend,IDB,2016,4.207744839
IDA blend,IDB,2017,4.15186762
IDA blend,IDB,2018,4.09870513
IDA blend,IDB,2019,..
IDA only,IDX,1990,5.859827682
IDA only,IDX,2000,5.086994053
IDA only,IDX,2010,4.392531598
IDA only,IDX,2011,4.326904773
IDA only,IDX,2012,4.264028881
IDA only,IDX,2013,4.201564977
IDA only,IDX,2014,4.142167873
IDA only,IDX,2015,4.08380429
IDA only,IDX,2016,4.025336007
IDA only,IDX,2017,3.968692136
IDA only,IDX,2018,3.915951954
IDA only,IDX,2019,..
IDA total,IDA,1990,5.892498762
IDA total,IDA,2000,5.09837605
IDA total,IDA,2010,4.432696836
IDA total,IDA,2011,4.368802919
IDA total,IDA,2012,4.308690123
IDA total,IDA,2013,4.253738478
IDA total,IDA,2014,4.199469885
IDA total,IDA,2015,4.144064184
IDA total,IDA,2016,4.086480219
IDA total,IDA,2017,4.030023837
IDA total,IDA,2018,3.97707251
IDA total,IDA,2019,..
Late-demographic dividend,LTE,1990,2.426947126
Late-demographic dividend,LTE,2000,1.721373837
Late-demographic dividend,LTE,2010,1.707331086
Late-demographic dividend,LTE,2011,1.708233072
Late-demographic dividend,LTE,2012,1.719667538
Late-demographic dividend,LTE,2013,1.72370681
Late-demographic dividend,LTE,2014,1.733839685
Late-demographic dividend,LTE,2015,1.740571854
Late-demographic dividend,LTE,2016,1.745971991
Late-demographic dividend,LTE,2017,1.741245552
Late-demographic dividend,LTE,2018,1.742048757
Late-demographic dividend,LTE,2019,..
Latin America & Caribbean,LCN,1990,3.257950652
Latin America & Caribbean,LCN,2000,2.627097214
Latin America & Caribbean,LCN,2010,2.186402248
Latin America & Caribbean,LCN,2011,2.163374514
Latin America & Caribbean,LCN,2012,2.142725419
Latin America & Caribbean,LCN,2013,2.12322622
Latin America & Caribbean,LCN,2014,2.104252718
Latin America & Caribbean,LCN,2015,2.085470172
Latin America & Caribbean,LCN,2016,2.066494284
Latin America & Caribbean,LCN,2017,2.047151258
Latin America & Caribbean,LCN,2018,2.028582261
Latin America & Caribbean,LCN,2019,..
Latin America & Caribbean (excluding high income),LAC,1990,3.30077071
Latin America & Caribbean (excluding high income),LAC,2000,2.654536556
Latin America & Caribbean (excluding high income),LAC,2010,2.198628657
Latin America & Caribbean (excluding high income),LAC,2011,2.174933383
Latin America & Caribbean (excluding high income),LAC,2012,2.154072376
Latin America & Caribbean (excluding high income),LAC,2013,2.134792103
Latin America & Caribbean (excluding high income),LAC,2014,2.116042344
Latin America & Caribbean (excluding high income),LAC,2015,2.09793196
Latin America & Caribbean (excluding high income),LAC,2016,2.079639067
Latin America & Caribbean (excluding high income),LAC,2017,2.061097241
Latin America & Caribbean (excluding high income),LAC,2018,2.042639909
Latin America & Caribbean (excluding high income),LAC,2019,..
Latin America & the Caribbean (IDA & IBRD countries),TLA,1990,3.311415843
Latin America & the Caribbean (IDA & IBRD countries),TLA,2000,2.655543698
Latin America & the Caribbean (IDA & IBRD countries),TLA,2010,2.200647751
Latin America & the Caribbean (IDA & IBRD countries),TLA,2011,2.176504211
Latin America & the Caribbean (IDA & IBRD countries),TLA,2012,2.155035458
Latin America & the Caribbean (IDA & IBRD countries),TLA,2013,2.135050515
Latin America & the Caribbean (IDA & IBRD countries),TLA,2014,2.115563957
Latin America & the Caribbean (IDA & IBRD countries),TLA,2015,2.096730314
Latin America & the Caribbean (IDA & IBRD countries),TLA,2016,2.077761367
Latin America & the Caribbean (IDA & IBRD countries),TLA,2017,2.058601455
Latin America & the Caribbean (IDA & IBRD countries),TLA,2018,2.039695843
Latin America & the Caribbean (IDA & IBRD countries),TLA,2019,..
Least developed countries: UN classification,LDC,1990,5.943485052
Least developed countries: UN classification,LDC,2000,5.203247017
Least developed countries: UN classification,LDC,2010,4.504538473
Least developed countries: UN classification,LDC,2011,4.436570305
Least developed countries: UN classification,LDC,2012,4.370024456
Least developed countries: UN classification,LDC,2013,4.30462206
Least developed countries: UN classification,LDC,2014,4.240696309
Least developed countries: UN classification,LDC,2015,4.17847406
Least developed countries: UN classification,LDC,2016,4.116956943
Least developed countries: UN classification,LDC,2017,4.057551578
Least developed countries: UN classification,LDC,2018,4.000147625
Least developed countries: UN classification,LDC,2019,..
Low & middle income,LMY,1990,3.587617899
Low & middle income,LMY,2000,2.900291839
Low & middle income,LMY,2010,2.663847232
Low & middle income,LMY,2011,2.644282269
Low & middle income,LMY,2012,2.630596522
Low & middle income,LMY,2013,2.615733651
Low & middle income,LMY,2014,2.603916656
Low & middle income,LMY,2015,2.592171685
Low & middle income,LMY,2016,2.579345657
Low & middle income,LMY,2017,2.56337216
Low & middle income,LMY,2018,2.551194821
Low & middle income,LMY,2019,..
Low income,LIC,1990,6.369015728
Low income,LIC,2000,5.858910065
Low income,LIC,2010,5.144004818
Low income,LIC,2011,5.061773643
Low income,LIC,2012,4.979505185
Low income,LIC,2013,4.897738656
Low income,LIC,2014,4.817056633
Low income,LIC,2015,4.737567673
Low income,LIC,2016,4.65850966
Low income,LIC,2017,4.581387591
Low income,LIC,2018,4.505573075
Low income,LIC,2019,..
Lower middle income,LMC,1990,4.285175348
Lower middle income,LMC,2000,3.496213381
Lower middle income,LMC,2010,2.988357357
Lower middle income,LMC,2011,2.942097312
Lower middle income,LMC,2012,2.900751411
Lower middle income,LMC,2013,2.862838131
Lower middle income,LMC,2014,2.82833898
Lower middle income,LMC,2015,2.796599985
Lower middle income,LMC,2016,2.765604337
Lower middle income,LMC,2017,2.736774182
Lower middle income,LMC,2018,2.711168577
Lower middle income,LMC,2019,..
Middle East & North Africa,MEA,1990,4.877631573
Middle East & North Africa,MEA,2000,3.193506238
Middle East & North Africa,MEA,2010,2.896203225
Middle East & North Africa,MEA,2011,2.904100882
Middle East & North Africa,MEA,2012,2.910690812
Middle East & North Africa,MEA,2013,2.910271893
Middle East & North Africa,MEA,2014,2.904217832
Middle East & North Africa,MEA,2015,2.88941192
Middle East & North Africa,MEA,2016,2.866932547
Middle East & North Africa,MEA,2017,2.839241749
Middle East & North Africa,MEA,2018,2.808947922
Middle East & North Africa,MEA,2019,..
Middle East & North Africa (excluding high income),MNA,1990,4.874590831
Middle East & North Africa (excluding high income),MNA,2000,3.153754033
Middle East & North Africa (excluding high income),MNA,2010,2.918526888
Middle East & North Africa (excluding high income),MNA,2011,2.938916681
Middle East & North Africa (excluding high income),MNA,2012,2.955703792
Middle East & North Africa (excluding high income),MNA,2013,2.966197566
Middle East & North Africa (excluding high income),MNA,2014,2.968150889
Middle East & North Africa (excluding high income),MNA,2015,2.960053952
Middle East & North Africa (excluding high income),MNA,2016,2.941389682
Middle East & North Africa (excluding high income),MNA,2017,2.916070978
Middle East & North Africa (excluding high income),MNA,2018,2.887164848
Middle East & North Africa (excluding high income),MNA,2019,..
Middle East & North Africa (IDA & IBRD countries),TMN,1990,4.858933873
Middle East & North Africa (IDA & IBRD countries),TMN,2000,3.133569292
Middle East & North Africa (IDA & IBRD countries),TMN,2010,2.903014667
Middle East & North Africa (IDA & IBRD countries),TMN,2011,2.924160146
Middle East & North Africa (IDA & IBRD countries),TMN,2012,2.941807122
Middle East & North Africa (IDA & IBRD countries),TMN,2013,2.953237146
Middle East & North Africa (IDA & IBRD countries),TMN,2014,2.956174869
Middle East & North Africa (IDA & IBRD countries),TMN,2015,2.949051431
Middle East & North Africa (IDA & IBRD countries),TMN,2016,2.931265182
Middle East & North Africa (IDA & IBRD countries),TMN,2017,2.906745122
Middle East & North Africa (IDA & IBRD countries),TMN,2018,2.878447265
Middle East & North Africa (IDA & IBRD countries),TMN,2019,..
Middle income,MIC,1990,3.372863169
Middle income,MIC,2000,2.65321379
Middle income,MIC,2010,2.420709459
Middle income,MIC,2011,2.402553244
Middle income,MIC,2012,2.39087155
Middle income,MIC,2013,2.37786271
Middle income,MIC,2014,2.368100933
Middle income,MIC,2015,2.358290649
Middle income,MIC,2016,2.347381386
Middle income,MIC,2017,2.332794185
Middle income,MIC,2018,2.322285024
Middle income,MIC,2019,..
North America,NAC,1990,2.055205556
North America,NAC,2000,1.998927144
North America,NAC,2010,1.900118856
North America,NAC,2011,1.865641575
North America,NAC,2012,1.853500067
North America,NAC,2013,1.830089209
North America,NAC,2014,1.83409536
North America,NAC,2015,1.815216619
North America,NAC,2016,1.792523584
North America,NAC,2017,1.73824474
North America,NAC,2018,1.706032485
North America,NAC,2019,..
Not classified,INX,1990,..
Not classified,INX,2000,..
Not classified,INX,2010,..
Not classified,INX,2011,..
Not classified,INX,2012,..
Not classified,INX,2013,..
Not classified,INX,2014,..
Not classified,INX,2015,..
Not classified,INX,2016,..
Not classified,INX,2017,..
Not classified,INX,2018,..
Not classified,INX,2019,..
OECD members,OED,1990,1.975914563
OECD members,OED,2000,1.80345558
OECD members,OED,2010,1.787003292
OECD members,OED,2011,1.766693266
OECD members,OED,2012,1.766036442
OECD members,OED,2013,1.741101128
OECD members,OED,2014,1.746155465
OECD members,OED,2015,1.742255673
OECD members,OED,2016,1.736138745
OECD members,OED,2017,1.705996907
OECD members,OED,2018,1.681332724
OECD members,OED,2019,..
Other small states,OSS,1990,4.39048828
Other small states,OSS,2000,3.638493554
Other small states,OSS,2010,3.25373479
Other small states,OSS,2011,3.224035286
Other small states,OSS,2012,3.200016781
Other small states,OSS,2013,3.170904348
Other small states,OSS,2014,3.151714982
Other small states,OSS,2015,3.127289369
Other small states,OSS,2016,3.105066348
Other small states,OSS,2017,3.077738168
Other small states,OSS,2018,3.049681139
Other small states,OSS,2019,..
Pacific island small states,PSS,1990,4.36023921
Pacific island small states,PSS,2000,3.861960377
Pacific island small states,PSS,2010,3.57127725
Pacific island small states,PSS,2011,3.569496998
Pacific island small states,PSS,2012,3.570461929
Pacific island small states,PSS,2013,3.572301837
Pacific island small states,PSS,2014,3.571812788
Pacific island small states,PSS,2015,3.567205008
Pacific island small states,PSS,2016,3.555352709
Pacific island small states,PSS,2017,3.538089372
Pacific island small states,PSS,2018,3.515227837
Pacific island small states,PSS,2019,..
Post-demographic dividend,PST,1990,1.749054291
Post-demographic dividend,PST,2000,1.614607428
Post-demographic dividend,PST,2010,1.6616325
Post-demographic dividend,PST,2011,1.644877889
Post-demographic dividend,PST,2012,1.652294217
Post-demographic dividend,PST,2013,1.624180895
Post-demographic dividend,PST,2014,1.633121473
Post-demographic dividend,PST,2015,1.631631414
Post-demographic dividend,PST,2016,1.623312941
Post-demographic dividend,PST,2017,1.581153825
Post-demographic dividend,PST,2018,1.551684266
Post-demographic dividend,PST,2019,..
Pre-demographic dividend,PRE,1990,6.573277707
Pre-demographic dividend,PRE,2000,6.10633073
Pre-demographic dividend,PRE,2010,5.590877951
Pre-demographic dividend,PRE,2011,5.518148003
Pre-demographic dividend,PRE,2012,5.440309387
Pre-demographic dividend,PRE,2013,5.35887604
Pre-demographic dividend,PRE,2014,5.274783257
Pre-demographic dividend,PRE,2015,5.189378489
Pre-demographic dividend,PRE,2016,5.104321391
Pre-demographic dividend,PRE,2017,5.02079551
Pre-demographic dividend,PRE,2018,4.939726585
Pre-demographic dividend,PRE,2019,..
Small states,SST,1990,4.007698392
Small states,SST,2000,3.374665614
Small states,SST,2010,3.042584514
Small states,SST,2011,3.017934612
Small states,SST,2012,2.997772209
Small states,SST,2013,2.974069685
Small states,SST,2014,2.957867144
Small states,SST,2015,2.937829697
Small states,SST,2016,2.919376573
Small states,SST,2017,2.896971389
Small states,SST,2018,2.87400251
Small states,SST,2019,..
South Asia,SAS,1990,4.29989729
South Asia,SAS,2000,3.507214774
South Asia,SAS,2010,2.745884201
South Asia,SAS,2011,2.67477845
South Asia,SAS,2012,2.611199461
South Asia,SAS,2013,2.555691449
South Asia,SAS,2014,2.508767314
South Asia,SAS,2015,2.470078836
South Asia,SAS,2016,2.438061113
South Asia,SAS,2017,2.410617478
South Asia,SAS,2018,2.384749671
South Asia,SAS,2019,..
South Asia (IDA & IBRD),TSA,1990,4.29989729
South Asia (IDA & IBRD),TSA,2000,3.507214774
South Asia (IDA & IBRD),TSA,2010,2.745884201
South Asia (IDA & IBRD),TSA,2011,2.67477845
South Asia (IDA & IBRD),TSA,2012,2.611199461
South Asia (IDA & IBRD),TSA,2013,2.555691449
South Asia (IDA & IBRD),TSA,2014,2.508767314
South Asia (IDA & IBRD),TSA,2015,2.470078836
South Asia (IDA & IBRD),TSA,2016,2.438061113
South Asia (IDA & IBRD),TSA,2017,2.410617478
South Asia (IDA & IBRD),TSA,2018,2.384749671
South Asia (IDA & IBRD),TSA,2019,..
Sub-Saharan Africa,SSF,1990,6.347730005
Sub-Saharan Africa,SSF,2000,5.755293112
Sub-Saharan Africa,SSF,2010,5.257986594
Sub-Saharan Africa,SSF,2011,5.195216714
Sub-Saharan Africa,SSF,2012,5.128314098
Sub-Saharan Africa,SSF,2013,5.058320989
Sub-Saharan Africa,SSF,2014,4.986261367
Sub-Saharan Africa,SSF,2015,4.912890461
Sub-Saharan Africa,SSF,2016,4.838671406
Sub-Saharan Africa,SSF,2017,4.765199664
Sub-Saharan Africa,SSF,2018,4.693243438
Sub-Saharan Africa,SSF,2019,..
Sub-Saharan Africa (excluding high income),SSA,1990,6.347730005
Sub-Saharan Africa (excluding high income),SSA,2000,5.755829961
Sub-Saharan Africa (excluding high income),SSA,2010,5.258351905
Sub-Saharan Africa (excluding high income),SSA,2011,5.195532548
Sub-Saharan Africa (excluding high income),SSA,2012,5.128608943
Sub-Saharan Africa (excluding high income),SSA,2013,5.058613405
Sub-Saharan Africa (excluding high income),SSA,2014,4.986539783
Sub-Saharan Africa (excluding high income),SSA,2015,4.913149843
Sub-Saharan Africa (excluding high income),SSA,2016,4.838908481
Sub-Saharan Africa (excluding high income),SSA,2017,4.765420651
Sub-Saharan Africa (excluding high income),SSA,2018,4.693450485
Sub-Saharan Africa (excluding high income),SSA,2019,..
Sub-Saharan Africa (IDA & IBRD countries),TSS,1990,6.347730005
Sub-Saharan Africa (IDA & IBRD countries),TSS,2000,5.755293112
Sub-Saharan Africa (IDA & IBRD countries),TSS,2010,5.257986594
Sub-Saharan Africa (IDA & IBRD countries),TSS,2011,5.195216714
Sub-Saharan Africa (IDA & IBRD countries),TSS,2012,5.128314098
Sub-Saharan Africa (IDA & IBRD countries),TSS,2013,5.058320989
Sub-Saharan Africa (IDA & IBRD countries),TSS,2014,4.986261367
Sub-Saharan Africa (IDA & IBRD countries),TSS,2015,4.912890461
Sub-Saharan Africa (IDA & IBRD countries),TSS,2016,4.838671406
Sub-Saharan Africa (IDA & IBRD countries),TSS,2017,4.765199664
Sub-Saharan Africa (IDA & IBRD countries),TSS,2018,4.693243438
Sub-Saharan Africa (IDA & IBRD countries),TSS,2019,..
Upper middle income,UMC,1990,2.621111137
Upper middle income,UMC,2000,1.895828721
Upper middle income,UMC,2010,1.849852268
Upper middle income,UMC,2011,1.851727164
Upper middle income,UMC,2012,1.862169113
Upper middle income,UMC,2013,1.86679522
Upper middle income,UMC,2014,1.874864351
Upper middle income,UMC,2015,1.880168686
Upper middle income,UMC,2016,1.882805924
Upper middle income,UMC,2017,1.8756063
Upper middle income,UMC,2018,1.873500897
Upper middle income,UMC,2019,..
World,WLD,1990,3.248471281
World,WLD,2000,2.696020805
World,WLD,2010,2.516407987
World,WLD,2011,2.498808327
World,WLD,2012,2.489384884
World,WLD,2013,2.473018583
World,WLD,2014,2.465647508
World,WLD,2015,2.456263749
World,WLD,2016,2.445575653
World,WLD,2017,2.428196238
World,WLD,2018,2.415032205
World,WLD,2019,..
,,,
,,,
,,,
Data from database: World Development Indicators,,,
Last Updated: 05/19/2020,,,
