row.names,pclass,survived,name,age,embarked,home.dest,room,ticket,boat,sex
999,3rd,1,"McCarthy, Miss Katie",,,,,,,female
180,1st,0,"Millet, Mr Francis Davis",65,Southampton,"East Bridgewater, MA",,,-249,male
557,2nd,0,"Sjostedt, Mr Ernst Adolf",59,Southampton,"Sault St Marie, ON",,,,male
175,1st,0,"McCaffry, Mr Thomas Francis",46,Cherbourg,"Vancouver, BC",,,-292,male
1233,3rd,0,"Strilic, Mr Ivan",,,,,,,male
816,3rd,1,"Georges, Mrs Shahini Weappi",,Cherbourg,"Youngstown, OH",,,,female
1172,3rd,0,"Sage, Miss Constance",,,,,,,female
1220,3rd,1,"Smyth, Miss Julia",,,,,,,female
731,3rd,0,"Connors, Mr Patrick",,Queenstown,,,,-171,male
118,1st,1,"Goldenberg, Mr Samuel L.",49,Cherbourg,"Paris, France / New York, NY",,,5,male
755,3rd,0,"Davies, Mr Alfred",24,Southampton,"West Bromwich, England Pontiac, MI",,,,male
458,2nd,1,"Jacobsohn, Mrs Sidney Samuel (Amy Frances Christy)",,Southampton,London,,,,female
162,1st,0,"Lindeberg-Lind, Mr Erik Gustaf",42,Southampton,"Stockholm, Sweden",,,,male
535,2nd,1,"Portaluppi, Mr Emilio",,Cherbourg,"Milford, NH",,,,male
369,2nd,1,"Christy, Miss Julie",,Southampton,London,,,,female
117,1st,1,"Gibson, Mrs Leonard (Pauline C. Boeson)",45,Cherbourg,"New York, NY",,,7,female
337,2nd,0,"Beauchamp, Mr Henry James",28,Southampton,England,,,,male
211,1st,1,"Romaine, Mr Charles Hallace",,Southampton,"New York, NY",,,15,male
938,3rd,0,"Klasen, Mrs Hulda Kristina",,,,,,,female
73,1st,0,"Crosby, Captain Edward Gifford",70,Southampton,"Milwaukee, WI",,,-269,male
83,1st,1,"Dick, Mr Albert Adrian",31,Cherbourg,"Calgary, AB",,,3,male
683,3rd,0,"Bourke, Mrs John (Catherine)",32,Queenstown,"Ireland Chicago, IL",,,,female
905,3rd,0,"Jonsson, Nils Hilding",,,,,,,male
354,2nd,0,"Butler, Mr Reginald Fenton",25,Southampton,"Southsea, Hants",,,-97,male
1125,3rd,0,"Perkin, Mr John Henry",,,,,,,male
260,1st,1,"Taylor, Mr Elmer Zebley",48,Southampton,"London /  East Orange, NJ",C-126,,5,male
1273,3rd,0,"Van der Planke, Mr Leon",,,,,,,male
223,1st,1,"Ryerson, Miss Susan (Suzette) Parker",21,Cherbourg,"Haverford, PA / Cooperstown, NY",,17608 L262 7s 6d,4,female
41,1st,1,"Calderhead, Mr Edward P.",,Southampton,"New York, NY",,,7-May,male
262,1st,0,"Thayer, Mr John Borland",49,Cherbourg,"Haverford, PA",,,,male
292,1st,1,"Bidois, Miss Rosalie",,Cherbourg,,,17754,,female
529,2nd,0,"Pengelly, Mr Frederick",20,Southampton,"Gunnislake, England / Butte, MT",,,,male
423,2nd,0,"Greenberg, Mr Samuel",50,Southampton,"Bronx, NY",,,-19,male
310,1st,0,"Keeping, Mr Edwin",32,Cherbourg,,,,-45,male
550,2nd,1,"Rugg, Miss Emily",21,Southampton,"Guernsey / Wilmington, DE",,,12,female
126,1st,1,"Greenfield, Mr William Bertram",23,Cherbourg,"New York, NY",,,7,male
889,3rd,0,"Johansson, Mr Gustaff Joel",,,,,,,male
210,1st,0,"Roebling, Mr Washington Augustus 2nd",31,Southampton,"Trenton, NJ",,,,male
710,3rd,0,"Carlsson, Mr August Sigfrid",28,Southampton,"Dagsas, Sweden Fower, MN",,,,male
1230,3rd,0,"Stoyehoff, Mr Ilia",,,,,,,male
92,1st,1,"Duff Gordon, Lady (Lucille Wallace Sutherland)",48,Cherbourg,London / Paris,,17485 L56 18s 7d,1,female
152,1st,0,"Jones, Mr Charles Cresson",46,Southampton,"Bennington, VT",,,-80,male
586,2nd,1,"Wells, Master Ralph Lester",2,Southampton,"Cornwall / Akron, OH",,,,male
619,3rd,0,"Alhomaki, Mr Ilmari Rudolf",20,Southampton,"Salo, Finland Astoria, OR",,,,male
417,2nd,0,"Giles, Mr Edgar",24,Southampton,"Cornwall / Camden, NJ",,,,male
921,3rd,1,"Kelly, Miss Anna Kate",,,,,,,female
80,1st,0,"Davidson, Mr Thornton",31,Southampton,"Montreal, PQ",,,,male
343,2nd,1,"Bentham, Miss Lilian W.",19,Southampton,"Rochester, NY",,,12,female
823,3rd,0,"Goldsmith, Mr Nathan",41,Southampton,"Philadelphia, PA",,,,male
726,3rd,0,"Coleff, Mr Peyo",36,Southampton,"Bulgaria Chicago, IL",,,,male
524,2nd,0,"Pain, Dr Alfred",24,Southampton,"Hamilton, ON",,,,male
603,3rd,0,"Abbing, Mr Anthony",42,Southampton,,,,,male
1083,3rd,0,"O'Dwyer, Miss Nellie",,,,,,,female
296,1st,1,"Chaudanson, Ms 	Victorine",,Cherbourg,,,17608,,female
171,1st,0,"Maguire, Mr John Edward",30,Southampton,"Brockton, MA",,,,male
26,1st,0,"Blackwell, Mr Stephen Weart",45,Southampton,"Trenton, NJ",,,-241,male
751,3rd,0,"Danbom, Mrs Ernst Gilbert (Anna Sigrid Maria Brogren)",28,Southampton,"Stanton, IA",,,,female
965,3rd,0,"Lindahl, Miss Agda V.",,,,,,,female
572,2nd,0,"Veale, Mr James",30,Southampton,"Barre, Co Washington, VT",,,,male
1183,3rd,1,"Salkjelsvik, Miss Anna",,,,,,,female
317,1st,0,"Ringhini, Mr Sante",33,Cherbourg,,,,-232,male
447,2nd,0,"Hocking, Mr Samuel James",,Southampton,"Devonport, England",,,,male
242,1st,1,"Spedden, Mrs Frederick Oakley (Margaretta Corning Stone)",40,Cherbourg,"Tuxedo Park, NY",,,3,female
322,1st,1,"Wilson, Ms Helen",,Cherbourg,,,,,female
464,2nd,0,"Kantor, Mr Sinai",34,Southampton,"Moscow / Bronx, NY",,,-283,male
1147,3rd,0,"Rice, Master Eric",,,,,,,male
763,3rd,1,"Dean, Master Bertram Vere",1,Southampton,"Devon, England Wichita, KS",,,12,male
269,1st,0,"Van Derhoef, Mr Wyckoff",61,Southampton,"Brooklyn, NY",,,-245,male
644,3rd,0,"Asplund, Master Clarence Gustaf Hugo",9,Southampton,"Sweden Worcester, MA",,,,male
980,3rd,0,"Lundstrom, Mr Thure Edvin",,,,,,,male
1006,3rd,1,"McGovern, Mrs Hugh",,,,,,,female
507,2nd,0,"Moraweck, Dr Ernest",54,Southampton,"Frankfort, KY",,,,male
542,2nd,1,"Renouf, Mrs Peter Henry (Lillian Jefferys)",30,Southampton,"Elizabeth, NJ",,,,female
797,3rd,0,"Everett, Thomas James",,Southampton,,,,,male
414,2nd,0,"Gaskell, Mr Alfred",16,Southampton,"Liverpool / Montreal, PQ",,,,male
284,1st,0,"Williams, Mr Charles Duane",51,Cherbourg,"Geneva, Switzerland / Radnor, PA",,,,male
560,2nd,0,"Smith (Schmidt), Mr Augustus",22,Southampton,"Newark, NJ",,,,male
472,2nd,0,"Kvillner, Mr Johan Henrik Johannesson",31,Southampton,"Sweden / Arlington, NJ",,,-165,male
445,2nd,0,"Hocking, Mr George",23,Southampton,"Cornwall / Akron, OH",,,,male
300,1st,0,"Farthing, Mr John",,Southampton,,C-55 (?C-95),17483,,male
750,3rd,0,"Danbom, Mr Ernst Gilbert",34,Southampton,"Stanton, IA",,,,male
408,2nd,0,"Frost, Mr Anthony (Archie) W.",,,Belfast,,,,male
1189,3rd,0,"Sandstrom, Miss Beatrice Irene",,,,,,,female
363,2nd,0,"Carter, Rev Ernest Courtenay",54,Southampton,London,,,,male
1049,3rd,0,"Nackid, Mr Said",,,,,,,male
502,2nd,1,"Mellenger, Miss Madeleine Violet",13,Southampton,"England / Bennington, VT",,,14/12,female
484,2nd,0,"Leyson, Mr Robert William Norman",25,Southampton,,,,-108,male
1181,3rd,0,"Sage, Master William",,,,,,,male
62,1st,1,"Chibnall (Bowerman), Mrs Edith Martha",,Southampton,"St Leonards-on-Sea, England Ohio",,,6,female
274,1st,1,"White, Mrs J. Stuart (Ella Holmes)",55,Cherbourg,"New York, NY / Briarcliff Manor NY",,,8,female
176,1st,0,"McCarthy, Mr Timothy J.",54,Southampton,"Dorchester, MA",,,-175,male
234,1st,0,"Smart, Mr John Montgomery",56,Southampton,"New York, NY",,,,male
436,2nd,1,"Herman, Miss Kate",24,Southampton,"Somerset / Bernardsville, NJ",,,9,female
893,3rd,0,"Johnson, Mr Alfred",,,,,,,male
1190,3rd,0,"Sandstrom, Miss Marguerite Rut",,,,,,,female
1219,3rd,0,"Smiljanovic, Mr Mile",,,,,,,male
729,3rd,0,"Connolly, Miss Kate",30,Queenstown,Ireland,,,,female
1221,3rd,0,"Solvang, Mrs Lena Jacobsen",,,,,,,female
926,3rd,0,"Khalil, Mr Betros",,,,,,,male
777,3rd,0,"Dooley, Mr Patrick",32,Queenstown,"Ireland New York, NY",,,,male
396,2nd,0,"Drew, Mr James Vivian",42,Southampton,"Greenport, NY",,28220 L32 10s,,male
1193,3rd,0,"Sawyer, Mr Frederick",,,,,,,male
473,2nd,0,"Lahtinen, Rev William",30,Southampton,"Minneapolis, MN",,,,male
927,3rd,0,"Khalil, Mrs Betros",,,,,,,female
551,2nd,0,"Sedgwick, Mr Charles Frederick Waddington",,Southampton,Liverpool,,,,male
55,1st,1,"Cavendish, Mrs Tyrell William Julia Florence Siegel",,Southampton,"Little Onn Hall, Staffs",,,6,female
1036,3rd,0,"Moubarek, Master George",,,,,,,male
762,3rd,1,"Dean, Mrs Bertram (Eva)",33,Southampton,"Devon, England Wichita, KS",,,12,female
1218,3rd,0,"Slocovski, Mr Selman",,,,,,,male
682,3rd,0,"Bourke, Mr John",40,Queenstown,"Ireland Chicago, IL",,,,male
212,1st,0,"Rood, Mr Hugh R.",,Southampton,"Seattle, WA",,,,male
490,2nd,0,"Mallet, Mr Albert",,Cherbourg,"Paris / Montreal, PQ",,,,male
1118,3rd,0,"Pearce, Mr Ernest",,,,,,,male
1,1st,1,"Allen, Miss Elisabeth Walton",29,Southampton,"St Louis, MO",B-5,24160 L221,2,female
379,2nd,0,"Corbett, Mrs Walter H. (Irene Colvin)",30,Southampton,"Provo, UT",,,,female
907,3rd,1,"Jussila, Mr Erik",,,,,,,male
904,3rd,1,"Jonsson, Mr Carl",,,,,,,male
901,3rd,0,"Johnston, Miss Catherine H.",,,,,,,female
918,3rd,0,"Keane, Mr Andrew",,,,,,,male
1066,3rd,0,"Nieminen, Miss Manta Josefina",,,,,,,female
949,3rd,1,"Lang, Mr Fang",,,,,,,male
769,3rd,0,"Denkoff, Mr Mito",,Southampton,"Bulgaria Coon Rapids, IA",,,,male
245,1st,1,"Spencer, Mrs William Augustus (Marie Eugenie)",,Cherbourg,"Paris, France",,,6,female
856,3rd,1,"Hedman, Mr Oscar",,,,,,,male
67,1st,0,"Colley, Mr Edward Pomeroy",,Southampton,"Victoria, BC",,,,male
192,1st,0,"Nicholson, Mr Arthur Ernest",64,Southampton,"Isle of Wight, England",,,-263,male
1223,3rd,1,"Sop, Mr Jules",,,,,,,male
96,1st,0,"Evans, Miss Edith Corse",36,Cherbourg,"New York, NY",,,,female
788,3rd,0,"Edvardsson, Mr Gustaf Hjalmar",18,Southampton,"Tofta, Sweden Joliet, IL",,,,male
18,1st,0,"Beattie, Mr Thomson",36,Cherbourg,"Winnipeg, MN",C-6,,,male
1235,3rd,0,"Strom, Miss Telma (Selma) Matilda",,,,,,,female
743,3rd,1,"Cribb, Miss Laura Alice",17,Southampton,"Bournemouth, England Newark, NJ",,,,female
1278,3rd,0,"Van Impe, Mr Jean Baptiste",,,,,,,male
1109,3rd,0,"Paulsson, Master Gosta Leonard",,,,,,,male
1041,3rd,1,"Mullins, Miss Katie",,,,,,,female
173,1st,0,"Marvin, Mr Daniel Warner",,Southampton,"New York, NY",,,,male
753,3rd,0,"Danoff, Mr Yoto",27,Southampton,"Bulgaria Chicago, IL",,,,male
513,2nd,1,"Navratil, Master Edmond Roger",2,Southampton,"Nice, France",,230080 L26,D,male
781,3rd,1,"Drapkin, Miss Jennie",23,Southampton,"London New York, NY",,,,female
785,3rd,0,"Dyker, Mr Adolf Fredrik",23,Southampton,"West Haven, CT",,,,male
902,3rd,0,"Johnston, Master William A.",,,,,,,male
466,2nd,0,"Karnes, Mrs J. Frank (Claire Bennett)",22,Southampton,"India / Pittsburgh, PA",,,,female
1274,3rd,0,"Van der Steen, Mr Leo Peter",,,,,,,male
983,3rd,1,"Madigan, Miss Margaret",,,,,,,female
95,1st,1,"Eustis, Miss Elizabeth Mussey",53,Cherbourg,"Brookline, MA",,,4,female
474,2nd,0,"Lahtinen, Mrs William (Anna Sylvan)",26,Southampton,"Minneapolis, MN",,,,female
189,1st,1,"Newell, Miss Madeleine",31,Cherbourg,"Lexington, MA",,,6,female
325,2nd,0,"Andrew, Mr Edgar Samuel",18,Southampton,"Buenos Aires, Argentina / New Jersey, NJ",,,,male
241,1st,1,"Spedden, Mr Frederick Oakley",45,Cherbourg,"Tuxedo Park, NY",,,3,male
636,3rd,0,"Angheloff, Mr Minko",26,Southampton,"Bulgaria Chicago, IL",,,,male
1086,3rd,0,"OLeary, Miss Norah",,,,,,,female
252,1st,1,"Stone, Mrs George Nelson (Martha E.)",62,,"Cincinatti, OH",,,6,female
1045,3rd,0,"Murphy, Miss Margaret",,,,,,,female
1073,3rd,1,"Novel, Mansouer",,,,,,,male
150,1st,0,"Isham, Miss Anne Elizabeth",50,Cherbourg,"Paris, France New York, NY",C-49,,,female
1055,3rd,0,"Nosworthy, Richard C.",,,,,,,male
287,1st,1,"Woolner, Mr Hugh",,Southampton,"London, England",,,D,male
1229,3rd,0,"Storey, Mr Thomas",,,,,,,male
1116,3rd,0,"Peacock, Mrs Benjamin",,,,,,,female
895,3rd,0,"Johnson, Mr Malkolm Joackim",,,,,,,male
43,1st,1,"Cardeza, Mrs James Warburton Martinez (Charlotte Wardle Drake)",58,Cherbourg,"Germantown, Philadelphia, PA",B-51/3/5,17755 L512 6s,3,female
1056,3rd,1,"Najib, Miss Adele Kiamie",,,,,,,female
217,1st,1,"Rothschild, Mrs Martin (Elizabeth L. Barrett)",54,Cherbourg,"New York, NY",,,6,female
523,2nd,1,"Padro y Manent, Mr Julian",,Cherbourg,"Spain / Havana, Cuba",,,,male
1059,3rd,0,"Nasr, Mr Mustafa",,,,,,,male
233,1st,1,"Sloper, Mr William Thompson",28,Southampton,"New Britain, CT",,,7,male
1291,3rd,0,"Wenzel, Mr Linhart",,,,,,,male
539,2nd,1,"Quick, Miss Winifred Vera",8,Southampton,"Plymouth, Devon / Detroit, MI",,,11,female
858,3rd,0,"Hegarty, Miss Nora",,,,,,,female
880,3rd,0,"Jardin, Mr Jose Netto",,,,,,,male
659,3rd,1,"Baclini, Miss Helene",,Cherbourg,"Syria New York, NY",,,,female
356,2nd,1,"Bystrom, Mrs Carolina",42,Southampton,"New York, NY",,,,female
511,2nd,0,"Nasser (Nasrallah), Mr Nicholas",32,Cherbourg,"New York, NY",,,-43,male
389,2nd,0,"del Carlo, Mr Sebastiano",28,Cherbourg,"Lucca, Italy / California",,,-295,male
807,3rd,0,"Ford, Miss Doolina Margaret",21,Southampton,"Rotherfield, Sussex, England Essex Co, MA",,,,female
1192,3rd,0,"Saundercock, William Henry",,,,,,,male
857,3rd,0,"Hee, Mr Ling",,,,,,,male
138,1st,0,"Head, Mr Christopher",,Southampton,London / Middlesex,,,,male
459,2nd,0,"Jarvis, Mr John Denzil",,Southampton,"North Evington, England",,,,male
1084,3rd,0,"Ohman, Miss Velin",,,,,,,female
185,1st,0,"Molson, Mr Harry Markland",55,Southampton,"Montreal, PQ",,,,male
230,1st,0,"Silvey, Mr William Baird",50,,"Duluth, MN",,,,male
1010,3rd,0,"McNamee, Mr Neal",,,,,,,male
1215,3rd,0,"Skoog, Mr William",,,,,,,male
739,3rd,1,"Coutts, Master William Leslie",9,Southampton,"England Brooklyn, NY",,,2,male
1164,3rd,0,"Rush, Mr Alfred George John",,,,,,,male
346,2nd,0,"Bowenur, Mr Solomon",,Southampton,London,,,,male
882,3rd,0,"Jensen, Mr Hans Peder",,,,,,,male
667,3rd,0,"Barbara, Miss Saude",18,Cherbourg,"Syria Ottawa, ON",,,,female
713,3rd,0,"Carver, Mr Alfred John",28,Southampton,"St Denys, Southampton, Hants",,,,male
957,3rd,0,"Lefebre, Miss Jeannie",,,,,,,female
1127,3rd,0,"Peter (Joseph), Miss Mary",,,,,,,female
196,1st,0,"Ovies y Rodriguez, Mr Servando",28,,"?Havana, Cuba",,,-189,male
215,1st,1,"Rothes, the Countess of (Noel Lucy Martha Dyer-Edwardes)",27,Southampton,"London  Vancouver, BC",,,8,female
634,3rd,0,"Andersson, Master Sigvard Harald Elias",4,Southampton,"Sweden Winnipeg, MN",,,,male
1305,3rd,1,"Yasbeck, Mrs Antoni",,,,,,,female
746,3rd,0,"Dahlberg, Miss Gerda Ulrika",22,Southampton,"Norrlot, Sweden Chicago, IL",,,,female
1271,3rd,0,"Van der Planke, Mr Jules",,,,,,,male
561,2nd,1,"Smith, Miss Marion",,Southampton,,,,,female
994,3rd,0,"Marinko, Mr Dmitri",,,,,,,male
1210,3rd,0,"Skinner, Mr Henry John",,,,,,,male
504,2nd,0,"Meyer, Mr August",30,Southampton,"Harrow-on-the-Hill, Middlesex",,,,male
917,3rd,0,"Kassem, Mr Fared",,,,,,,male
631,3rd,0,"Andersson, Miss Ingeborg Constancia",9,Southampton,"Sweden Winnipeg, MN",,,,female
852,3rd,0,"Harmer, Mr Abraham",,,,,,,male
1107,3rd,0,"Pasic, Mr Jakob",,,,,,,male
251,1st,0,"Stewart, Mr Albert A.",,Cherbourg,"Gallipolis, Ohio / ? Paris / New York",,,,male
444,2nd,1,"Hocking, Mrs Elizabeth",53,Southampton,"Cornwall / Akron, OH",,,4,female
951,3rd,0,"Larsson, Mr Bengt Edvin",,,,,,,male
198,1st,0,"Partner, Mr Austin",,Southampton,"Surbiton Hill, Surrey",,,-166,male
37,1st,1,"Brown, Mrs James Joseph (Margaret Molly"" Tobin)""",44,Cherbourg,"Denver, CO",,17610 L27 15s 5d,6,female
610,3rd,1,"Abrahamsson, Mr August",20,Southampton,"Taalintehdas, Finland Hoboken, NJ",,,15,male
804,3rd,0,"Foley, Mr William",,Queenstown,Ireland,,,,male
773,3rd,0,"Dewan, Mr Frank",65,Queenstown,,,,,male
29,1st,1,"Bonnell, Miss Elizabeth",58,Southampton,"Birkdale, England Cleveland, Ohio",C-103,,8,female
515,2nd,1,"Navratil, Master Michel M.",3,Southampton,"Nice, France",,230080 L26,D,male
172,1st,1,"Marechal, Mr Pierre",,Cherbourg,"Paris, France",,,7,male
1275,3rd,0,"Van de Velde, Mr John Joseph",,,,,,,male
1283,3rd,0,"Vereruysse, Mr Victor",,,,,,,male
639,3rd,0,"Aronsson, Mr Ernst Axel Algot",24,Southampton,"Sweden Joliet, IL",,,,male
1157,3rd,0,"Rommetvedt, Mr Karl Kristian Knut",,,,,,,male
642,3rd,1,"Asplund, Mrs Carl Oscar (Selma Augusta Johansson)",38,Southampton,"Sweden  Worcester, MA",,,4,female
985,3rd,0,"Maenpaa, Mr Matti Alexanteri",,,,,,,male
387,2nd,0,"Deacon, Mr Percy",18,Southampton,,,,,male
1228,3rd,0,"Stanley, Mr Edward Roland",,,,,,,male
691,3rd,0,"Brobek, Mr Karl Rudolf",22,Southampton,"Sweden Worcester, MA",,,,male
723,3rd,1,"Cohen, Mr Gurshon (Gus)",19,Southampton,"London Brooklyn, NY",,,,male
1132,3rd,0,"Petranec, Miss Matilda",,,,,,,female
481,2nd,1,"Lehmann, Miss Bertha",,Cherbourg,"Berne, Switzerland / Central City, IA",,,,female
815,3rd,0,"Garfirth, Mr John",,Southampton,,,,,male
774,3rd,0,"Dibo, Mr Elias",,Cherbourg,,,,,male
528,2nd,1,"Parrish, Mrs Lutie Davis",50,Southampton,"Woodford County, KY",,,12,female
177,1st,1,"McGough, Mr James R.",36,Southampton,"Philadelphia, PA",,,7,male
70,1st,1,"Compton, Miss Sara Rebecca",39,Cherbourg,"Lakewood, NJ",,,14,female
78,1st,1,"Daly, Mr Peter Denis ",,Southampton,"Lima, Peru",,,A,male
868,3rd,0,"Holm, Mr John Frederik Alexander",,,,,,,male
1202,3rd,1,"Shine, Miss Ellen",,,,,,,female
163,1st,1,"Lindstrom, Mrs Carl Johan (Sigrid Posse)",55,Cherbourg,"Stockholm, Sweden",,,6,female
1232,3rd,1,"Stranden, Mr Juho",,,,,,,male
213,1st,1,"Rosenbaum (Russell), Miss Edith Louise",33,Cherbourg,"Paris, France",A-11,17613 L27 14s 5d,11,female
315,1st,0,"Oliva, Mlle",,Cherbourg,,,,,female
461,2nd,0,"Jefferys, Mr Ernest",,Southampton,"Guernsey / Elizabeth, NJ",,,,male
656,3rd,0,"Backstrom, Mr Karl Alfred",32,Southampton,"Ruotsinphytaa, Finland New York, NY",,,,male
701,3rd,0,"Calic, Mr Peter",17,Southampton,,,,,male
228,1st,1,"Shutes, Miss Elizabeth W.",40,Southampton,"New York, NY / Greenwich CT",C-125,17582 L153 9s 3d,3,female
378,2nd,0,"Cook, Mrs Selena Rogers",22,Southampton,Pennsylvania,F-33,,14,female
5,1st,1,"Allison, Master Hudson Trevor",0.9167,Southampton,"Montreal, PQ / Chesterville, ON",C22,,11,male
493,2nd,0,"Mangiavacchi, Mr Serafino Emilio",,Cherbourg,"New York, NY",,,,male
342,2nd,1,"Beesley, Mr Lawrence",34,Southampton,London,D-56,248698 L13,13,male
460,2nd,0,"Jefferys, Mr Clifford",,Southampton,"Guernsey / Elizabeth, NJ",,,,male
357,2nd,1,"Caldwell, Mr Albert Francis",26,Southampton,"Bangkok, Thailand / Roseville, IL",,,13,male
1012,3rd,0,"Meanwell, Miss Marion Ogden",,,,,,,female
1032,3rd,0,"Morley, Mr Henry Samuel",,,,,,,male
660,3rd,1,"Baclini, Miss Maria",,Cherbourg,"Syria New York, NY",,,,female
672,3rd,0,Berglund. Mr Karl Ivar Sven,22,Southampton,"Tranvik, Finland New York",,,,male
733,3rd,0,"Cor, Mr Bartol",35,Southampton,Austria,,,,male
564,2nd,0,"Stokes, Mr Philip Joseph",25,Southampton,"Catford, Kent / Detroit, MI",,,-81,male
1092,3rd,0,"Olsson, Mr Nils Johan",,,,,,,male
620,3rd,0,"Ali, Mr William",25,Southampton,Argentina,,,-79,male
34,1st,0,"Brady, Mr John Bertram",41,Southampton,"Pomeroy, WA",,,,male
207,1st,0,"Reuchlin, Jonkheer John George",,Southampton,"Rotterdam, Netherlands",,,,male
1297,3rd,0,"Williams, Mr Howard Hugh",,,,,,,male
967,3rd,0,"Lindell, Mr Edvard Bengtsson",,,,,,,male
1054,3rd,0,"Niklasen, Sander",,,,,,,male
110,1st,1,"Frolicher, Miss Marguerite",22,Cherbourg,"Zurich, Switzerland",,,5,female
1306,3rd,0,"Youssef, Mr Gerios",,,,,,,male
919,3rd,0,"Keefe, Mr Arthur",,,,,,,male
972,3rd,0,"Lithman, Mr Simon",,,,,,,male
1174,3rd,0,"Sage, Mr Douglas",,,,,,,male
1087,3rd,0,"Olsen, Master Arthur",,,,,,,male
4,1st,0,"Allison, Mrs Hudson J.C. (Bessie Waldo Daniels)",25,Southampton,"Montreal, PQ / Chesterville, ON",C26,,,female
319,1st,1,"Segesser, Mlle. Emma",,Cherbourg,,,,,female
1138,3rd,0,"Plotcharsky, Mr Vasil",,,,,,,male
451,2nd,0,"Hood, Mr Ambrose, Jr",21,Southampton,"New Forest, England",,,,male
214,1st,0,"Ross, Mr John Hugo",,Cherbourg,"Winnipeg, MB",,,,male
1198,3rd,0,"Shaughnesay, Mr Patrick",,,,,,,male
1014,3rd,0,"Meek, Mrs Thomas",,,,,,,female
1003,3rd,0,"McCoy, Mr Bernard",,,,,,,male
694,3rd,0,"Buckley, Miss Katherine",20,Queenstown,"Co Cork, Ireland Roxbury, MA",,,-299,female
974,3rd,0,"Lobb, Mrs William Arthur",,,,,,,female
920,3rd,0,"Kekic, Mr Tido",,,,,,,male
661,3rd,1,"Baclini, Mrs Solomon (Latifa)",,Cherbourg,"Syria New York, NY",,,,female
309,1st,1,"Icabad (Icabod), Ms",,,,,,,female
1074,3rd,0,"Nysten, Miss Anna",,,,,,,female
778,3rd,1,"Dorkings, Mr Edward Arthur",19,Southampton,"England Oglesby, IL",,,B,male
361,2nd,0,"Campbell, Mr William",,,Belfast,,,,male
687,3rd,0,"Braf, Miss Elin Ester Maria",20,Southampton,"Medeltorp, Sweden Chicago, IL",,,,female
165,1st,1,"Lines, Miss Mary Conover",16,Cherbourg,"Paris, France",,,9,female
82,1st,1,"de Villiers, Madame Berthe",,Cherbourg,"Belgium  Montreal, PQ",,,6,female
954,3rd,0,"Lefebre, Mrs Frank",,,,,,,female
1039,3rd,0,"Moussa, Mrs Mantoura Baloics",,,,,,,female
499,2nd,0,"McCrie, Mr James Matthew",,Southampton,"Sarnia, ON",,,,male
268,1st,0,"Uruchurtu, Mr Manuel E.",,Cherbourg,"Mexico City, Mexico",,,,male
14,1st,1,"Barkworth, Mr Algernon H.",,Southampton,"Hessle, Yorks",A-23,,B,male
516,2nd,0,"Nesson, Mr Israel",26,Southampton,"Boston, MA",,,,male
1249,3rd,0,"Thomas, Mr John (? 1st/2nd class)",,,,,,,male
1144,3rd,0,"Rice, Master Albert",,,,,,,male
33,1st,1,"Bradley, Mr George",,Southampton,"Los Angeles, CA",,,15,male
1184,3rd,0,"Salonen, Mr Johan Werner",,,,,,,male
479,2nd,1,"LaRoche, Miss Louise",1,Cherbourg,Paris / Haiti,,,,female
1158,3rd,0,"Rogers, Mr William John",,,,,,,male
719,3rd,0,"Christmann, Mr Emil",29,Southampton,,,,,male
341,2nd,1,"Becker, Miss Ruth Elizabeth",12,Southampton,"Guntur, India / Benton Harbour, MI",,230136 L39,13,female
155,1st,0,"Kenyon, Mr Frederick R.",41,Southampton,"Southington / Noank, CT",,,,male
955,3rd,0,"Lefebre, Master Henry",,,,,,,male
1180,3rd,0,"Sage, Thomas (child)",,,,,,,male
888,3rd,0,"Johansson, Mr Erik",,,,,,,male
446,2nd,1,"Hocking, Miss Ellen (Nellie)",21,Southampton,"Cornwall / Akron, OH",,,4,female
1042,3rd,0,"Mulvihill, Miss Bertha E.",,,,,,,female
333,2nd,0,"Banfield, Mr Frederick J.",28,Southampton,"Plymouth, Dorset / Houghton, MI",,,,male
114,1st,1,"Futrelle, Mrs Jacques (May Peel)",35,Southampton,"Scituate, MA",,,9,female
222,1st,1,"Ryerson, Master John Borie",13,Cherbourg,"Haverford, PA / Cooperstown, NY",,17608 L262 7s 6d,4,male
1165,3rd,1,"Ryan, Mr Edward Ryan",,,,,,,male
1149,3rd,0,"Rice, Mrs William",,,,,,,female
885,3rd,1,"Jermyn, Miss Annie",,,,,,,female
142,1st,1,"Hippach, Mrs Louis Albert (Ida Sophia Fischer)",44,Cherbourg,"Chicago, IL",B-18,111361 L57 19s 7d,4,female
912,3rd,1,"Karlsson, Mr Einar Gervasius",,,,,,,male
780,3rd,0,"Doyle, Miss Elizabeth",24,Queenstown,"Ireland New York, NY",,,,female
182,1st,0,"Minahan, Dr William Edward",44,Queenstown,"Fond du Lac, WI",,,-230,male
20,1st,1,"Beckwith, Mrs Richard Leonard (Sallie Monypeny)",47,Southampton,"New York, NY",D-35,,5,female
571,2nd,0,"Turpin, Mrs William John (Dorothy Anne Wonnacott)",27,Southampton,"Plymouth, England",,,,female
1068,3rd,0,"Nilsson, Mr August Ferdinand",,,,,,,male
277,1st,0,"Wick, Mr George Dennick",57,Southampton,"Youngstown, OH",,,,male
383,2nd,0,"Davies, Mr Charles Henry",21,Southampton,"Lyndhurst, England",,,,male
950,3rd,0,"Larsson, Mr August Viktor",,,,,,,male
144,1st,0,"Holverson, Mr Alexander Oskar",42,Southampton,"New York, NY",,,-38,male
1150,3rd,0,"Riihiivouri, Miss Sanni",,,,,,,female
640,3rd,0,"Asim, Mr Adola",35,Southampton,,,,,male
1031,3rd,0,"Moran, Mr James",,,,,,,male
665,3rd,1,"Banoura, Miss Ayout",15,Cherbourg,"Syria Youngstown, OH",,,,female
871,3rd,0,"Horgan, Mr John",,,,,,,male
349,2nd,0,"Brown, Mr Thomas William Solomon",45,Southampton,"Cape Town, South Africa / Seattle, WA",,,,male
509,2nd,0,"Mudd, Mr Thomas C.",,Southampton,"Halesworth, England",,,,male
940,3rd,0,"Kraeff, Mr Theodor",,,,,,,male
403,2nd,0,"Fahlstrom, Mr Arne Jonas",19,Southampton,"Oslo, Norway Bayonne, NJ",,,,male
1199,3rd,0,"Shedid (Sitik), Mr Daher (Docart)",,,,,,,male
716,3rd,0,"Chartens, Mr David",21,Southampton,"Ireland New York, NY",,,,male
1265,3rd,0,"Turkula, Mrs Hedvig",,,,,,,female
164,1st,1,"Lines, Mrs Ernest H. (Elizabeth Lindsey James)",50,Cherbourg,"Paris, France",,,9,female
194,1st,0,"Ostby, Mr Engelhart Cornelius",64,Cherbourg,"Providence, RI",,,-234,male
730,3rd,1,"Connolly, Miss Kate",22,Queenstown,Ireland,,,,female
952,3rd,0,"Larsson-Rondberg, Mr Edvard",,,,,,,male
1207,3rd,0,"Sivola, Mr Antti",,,,,,,male
969,3rd,1,"Lindqvist, Eino William",,,,,,,male
135,1st,0,"Hays, Mr Charles Melville",55,Southampton,"Montreal, PQ",,,-307,male
786,3rd,1,"Dyker, Mrs Adolf Fredrik (Anna Elizabeth Judith Andersson)",22,Southampton,"West Haven, CT",,,,female
273,1st,0,"Weir, Col John",60,Southampton,"England Salt Lake City, Utah",,,,male
906,3rd,0,"Jussila, Miss Aina Maria",,,,,,,female
1108,3rd,0,"Paulner, Mr Uscher",,,,,,,male
1117,3rd,0,"Peacock, Miss Treasteall",,,,,,,female
684,3rd,0,"Bourke, Miss Mary",,Queenstown,"Ireland Chicago, IL",,,,female
438,2nd,1,"Herman, Mrs Samuel (Jane Laver)",48,Southampton,"Somerset / Bernardsville, NJ",,,9,female
1236,3rd,1,"Sunderland, Mr Victor Francis",,,,,,,male
489,2nd,0,"Malachard, Mr Noel",,Cherbourg,Paris,,,,male
65,1st,1,"Clark, Mrs Walter Miller (Virginia McDowell)",26,Cherbourg,"Los Angeles, CA",C-87,,4,female
88,1st,1,"Douglas, Mrs Frederick Charles (Suzette Baxter)",27,Cherbourg,"Montreal, PQ",,,6,female
386,2nd,1,"Davis, Miss Mary",28,Southampton,"London / Staten Island, NY",,,13,female
250,1st,1,"Stephenson, Mrs Walter Bertram (Martha Eustis)",52,,"Haverford, PA",,,4,female
583,2nd,1,"Weisz, Mrs Leopold (Mathilde)",32,Southampton,"Bromsgrove, England / Montreal, PQ",,,,female
392,2nd,0,"Dibden, Mr William",18,Southampton,"New Forest, England",,,,male
641,3rd,0,"Asplund, Mr Carl Oscar Vilhelm Gustafsson",40,Southampton,"Sweden  Worcester, MA",,,-142,male
285,1st,0,"Williams, Mr Fletcher Lambert",,Southampton,"London, England",,,,male
548,2nd,1,"Ridsdale, Miss Lucy",50,Southampton,"London, England / Marietta, Ohio and Milwaukee, WI",,,,female
547,2nd,1,"Richards, Master William Rowe",3,Southampton,"Cornwall / Akron, OH",,,4,male
57,1st,1,"Chaffee, Mrs Herbert Fuller (Carrie Constance Toogood)",47,Southampton,"Amenia, ND",,,,female
589,2nd,0,"West, Mr Edwy Arthur",36,Southampton,"Bournmouth, England",,,,male
1243,3rd,1,"Tenglin, Mr Gunnar Isidor",,,,,,,male
1253,3rd,0,"Tikkanen, Mr Juho",,,,,,,male
914,3rd,0,"Karlsson, Mr Nils August",,,,,,,male
368,2nd,1,"Christy, Mrs Alice Frances",,Southampton,London,,,,female
406,2nd,0,"Fillbrook, Mr Charles",,Southampton,"Cornwall / Houghton, MI",,,,male
676,3rd,0,"Bjorklund, Ernst Herbert",18,Southampton,"Stockholm, Sweden New York",,,,male
244,1st,0,"Spencer, Mr William Augustus",57,Cherbourg,"Paris, France",,,,male
754,3rd,0,"Dantchoff, Mr Khristo",25,Southampton,"Bulgaria Chicago, IL",,,,male
598,2nd,0,"Yrois, Miss Henriette",,Southampton,Paris,,,,female
658,3rd,1,"Baclini, Miss Eugenie",3,Cherbourg,"Syria New York, NY",,,,female
842,3rd,0,"Hagland, Mr Ingvald Olsen",,,,,,,male
831,3rd,0,"Goodwin, Master Sidney L.",6,Southampton,"Wiltshire, England Niagara Falls, NY",,,,male
1280,3rd,1,"Vartunian, Mr David",,,,,,,male
385,2nd,1,"Davis, Master John Morgan",8,Southampton,"St Ives, Cornwall / Hancock, MI",,,,male
483,2nd,0,"Levy, Mr Rene Jacques",,Cherbourg,"Montreal, PQ",,,,male
243,1st,1,"Spedden, Master Robert Douglas",6,Cherbourg,"Tuxedo Park, NY",,,3,male
892,3rd,1,"Johansson, Oscar L.",,,,,,,male
536,2nd,0,"Pulbaum, Mr Frank",,Cherbourg,Paris,,,,male
494,2nd,0,"Mantvila, Rev Joseph",27,Southampton,"Worcester, MA",,,,male
1065,3rd,0,"Nicola-Yarred, Master Elias",,,,,,,male
896,3rd,1,"Johnson, Master Harold Theodor",,,,,,,male
1128,3rd,0,"Peter (Joseph), Mrs Catherine",,,,,,,female
1035,3rd,0,"Moubarek, Mrs George",,,,,,,female
405,2nd,1,"Faunthorpe, Mrs Lizzie (see Wilkinson, E.)",,,,,,,female
821,3rd,1,"Goldsmith, Mrs Frank John (Emily A. Brown)",,Southampton,"Strood, Kent, England Detroit, MI",,,C,female
565,2nd,0,"Sweet, Mr George",14,Southampton,"Somerset / Bernardsville, NJ",,,,male
1307,3rd,0,"Zabour, Miss Hileni",,,,,,,female
779,3rd,1,"Dowdell, Miss Elizabeth",30,Southampton,"Union Hill, NJ",,,13,female
365,2nd,0,"Chapman, Mr Charles Henry",52,Southampton,"Bronx, NY",,,-130,male
1076,3rd,0,"O'Brien, Mr Denis",,,,,,,male
286,1st,1,"Williams, Mr Richard Norris II",21,Cherbourg,"Geneva, Switzerland / Radnor, PA",,,A,male
169,1st,0,"Loring, Mr Joseph Holland",30,Southampton,"London / New York, NY",,,,male
123,1st,1,"Graham, Miss Margaret Edith",19,Southampton,"Greenwich, CT",C-125,17582 L153 9s 3d,3,female
1261,3rd,0,"Touma (Thomas), Master George",,,,,,,male
237,1st,1,"Smith, Mrs Lucien Philip (Mary Eloise Hughes",18,Southampton,"Huntington, WV",,,6,female
101,1st,0,"Fortune, Mr Charles Alexander",19,Southampton,"Winnipeg, MB",,,,male
276,1st,0,"White, Mr Richard Frasar",21,Southampton,"Brunswick, ME",,,-169,male
1020,3rd,0,"Mineff, Mr Ivan",,,,,,,male
946,3rd,0,"Lam, Mr Len",,,,,,,male
517,2nd,0,"Nicholls, Mr Joseph Charles",19,Southampton,"Cornwall / Hancock, MI",,,-101,male
335,2nd,1,"Beane, Mr Edward",32,Southampton,"Norwich / New York, NY",,,,male
789,3rd,0,"Eklund, Mr Hans Linus",16,Southampton,"Karberg, Sweden Jerome Junction, AZ",,,,male
48,1st,1,"Carter, Mr William Ernest",36,Southampton,"Bryn Mawr, PA",,,C,male
596,2nd,1,"Williams, Mr Charles Eugene",,Southampton,"Harrow, England",,,14,male
761,3rd,0,"Dean, Mr Bertram",26,Southampton,"Devon, England Wichita, KS",,,,male
803,3rd,0,"Foley, Mr Joseph",,Queenstown,"Ireland Chicago, IL",,,,male
736,3rd,0,"Corn, Mr Harry",30,Southampton,London,,,,male
422,2nd,0,"Givard, Mr Hans Christensen",30,Southampton,,,,-305,male
559,2nd,0,"Slemen, Mr Richard James",35,Southampton,Cornwall,,,,male
1000,3rd,0,"McCormack, Mr Thomas J.",,,,,,,male
54,1st,0,"Cavendish, Mr Tyrell William",36,Southampton,"Little Onn Hall, Staffs",,,-172,male
1154,3rd,0,"Risien, Mrs Samuel",,,,,,,female
1095,3rd,0,"Oreskovic, Mr Jeko",,,,,,,male
808,3rd,0,"Ford, Mr Edward Watson",18,Southampton,"Rotherfield, Sussex, England Essex Co, MA",,,,male
1293,3rd,0,"Wiklund, Mr Jacob Alfred",,,,,,,male
397,2nd,1,"Drew, Mrs James Vivian (Lulu Thorne Christian)",34,Southampton,"Greenport, NY",,28220 L32 10s,,female
1169,3rd,0,"Sadlier, Mr Matthew",,,,,,,male
1173,3rd,0,"Sage, Miss Dorothy",,,,,,,female
1119,3rd,0,"Pecruic, Mr Mate",,,,,,,male
708,3rd,0,"Carlsson, Mr Frans Olof",33,Southampton,"New York, NY",,,,male
93,1st,0,"Dulles, Mr William Crothers",39,Cherbourg,"Philadelphia, PA",,,-133,male
953,3rd,1,"Leeni, Mr Fahim",,,,,,,male
64,1st,0,"Clark, Mr Walter Miller",27,Cherbourg,"Los Angeles, CA",C-87,,,male
881,3rd,1,"Jensen, Miss Carla Christine",,,,,,,female
141,1st,1,"Hippach, Miss Jean Gertrude",16,Cherbourg,"Chicago, IL",B-18,111361 L57 19s 7d,4,female
100,1st,1,"Fortune, Miss Alice Elizabeth",24,Southampton,"Winnipeg, MB",,,10,female
841,3rd,0,"Hagardon, Miss Kate",,,,,,,female
60,1st,1,"Cherry, Miss Gladys",,Southampton,"London, England",,,8,female
1216,3rd,0,"Skoog, Mrs William",,,,,,,female
400,2nd,1,"Duran y More, Miss Florentina",,Cherbourg,"Barcelona, Spain / Havana, Cuba",,,12,female
178,1st,0,"Meyer, Mr Edgar Joseph",28,Cherbourg,"New York, NY",,,,male
38,1st,1,"Brown, Mrs John Murray (Caroline Lane Lamson)",59,Southampton,"Belmont, MA",C-101,,D,female
576,2nd,1,"Ware, Mrs John James (Florence Louise Long)",28,Southampton,"Bristol, England / New Britain, CT",,,12,female
546,2nd,1,"Richards, Mrs Sidney (Emily Hocking)",25,Southampton,"Cornwall / Akron, OH",,,4,female
204,1st,1,"Peuchen, Major Arthur Godfrey",52,Southampton,"Toronto, ON",C-104,,6,male
783,3rd,1,"Driscoll, Miss Bridget",24,Queenstown,"Ballydehob, Co Cork, Ireland New York, NY",,,,female
1093,3rd,1,"Olsson, Mr Oscar Johansson",,,,,,,male
430,2nd,1,"Harris, Mr George",30,Southampton,London,,,,male
8,1st,0,"Andrews, Mr Thomas, jr",39,Southampton,"Belfast, NI",A-36,,,male
288,1st,0,"Wright, Mr George",,Southampton,"Halifax, NS",,,,male
930,3rd,0,"Kiernan, Mr Philip",,,,,,,male
115,1st,0,"Gee, Mr Arthur H.",47,Southampton,"St Anne's-on-Sea, Lancashire",,,-275,male
238,1st,0,"Smith, Mr Richard William",,Southampton,"Streatham, Surrey",,,,male
963,3rd,0,"Leonard, Mr Lionel",,,,,,,male
418,2nd,0,"Giles, Mr Frederick",21,Southampton,"Cornwall / Camden, NJ",,,,male
235,1st,0,"Smith, Mr James Clinch",56,Cherbourg,"St James, Long Island, NY",,,,male
720,3rd,0,"Chronopoulos, Mr Apostolos",26,Cherbourg,Greece,,,,male
827,3rd,0,"Goodwin, Mr Charles E.",14,Southampton,"Wiltshire, England Niagara Falls, NY",,,,male
127,1st,0,"Guggenheim, Mr Benjamin",46,Cherbourg,"New York, NY",B-82/4,17593 L56 18s 7d,,male
1284,3rd,0,"Vestrom, Miss Hulda Amanda Adolfina",,,,,,,female
107,1st,1,"Frauenthal, Dr Henry William",49,Cherbourg,"New York, NY",,,5,male
594,2nd,1,"Wilhelms, Mr Charles",32,Southampton,"London, England",,,9,male
685,3rd,0,"Bowen, Mr David",26,Southampton,"Treherbert, Cardiff, Wales",,,,male
792,3rd,0,"Elias, Mr John",,Cherbourg,Syria,,,,male
105,1st,1,"Fortune, Mrs Mark (Mary McDougald)",60,Southampton,"Winnipeg, MB",,,10,female
50,1st,1,"Carter, Miss Lucile Polk",14,Southampton,"Bryn Mawr, PA",,,4,female
450,2nd,1,"Hold, Mrs Stephen (Annie Margaret)",36,Southampton,"England / Sacramento, CA",,,,female
721,3rd,0,"Chronopoulos, Mr Demetrios",18,Cherbourg,Greece,,,,male
345,2nd,0,"Botsford, Mr William Hull",26,Southampton,"Elmira, NY / Orange, NJ",,,,male
510,2nd,0,"Myles, Mr Thomas Francis",64,Queenstown,"Cambridge, MA",,,,male
1112,3rd,0,"Paulsson, Miss Stina Viola",,,,,,,female
913,3rd,0,"Karlsson, Mr Julius Konrad Eugen",,,,,,,male
1245,3rd,1,"Thomas, Mrs Alexander",,,,,,,female
569,2nd,1,"Troutt, Miss Edwina Celia",27,Southampton,"Bath, England / Massachusetts",E-101,34218 L10 10s,16,female
1027,3rd,0,"Moor, Master Meier",,,,,,,male
167,1st,0,"Long, Mr Milton Clyde",29,Southampton,"Springfield, MA",,,-126,male
791,3rd,0,"Elias, Mr Elias",,Cherbourg,Syria,,,,male
1136,3rd,0,"Peterson, Mr Johan Emil",,,,,,,male
686,3rd,1,"Bradley, Miss Bridget Delia",18,Queenstown,"Kingwilliamstown, Co Cork, Ireland Glens Falls, NY",,,13,female
1098,3rd,0,"Osen, Mr Olof Elon",,,,,,,male
1097,3rd,0,"Oreskovic, Mr Maria",,,,,,,male
1214,3rd,0,"Skoog, Miss Margit",,,,,,,female
752,3rd,0,"Danbom, Master Gilbert Sigvard Emanuel",0.3333,Southampton,"Stanton, IA",,,,male
1301,3rd,0,"Wiseman, Mr Phillippe",,,,,,,male
1105,3rd,0,"Panula, Master Urho Abraham",,,,,,,male
512,2nd,1,"Nasser (Nasrallah), Mrs Nicholas",18,Cherbourg,"New York, NY",,,,female
956,3rd,0,"Lefebre, Miss Ida",,,,,,,female
1161,3rd,0,"Rosblom, Mr Viktor Rickard",,,,,,,male
943,3rd,0,"Laitinen, Miss Kritina Sofia",,,,,,,female
584,2nd,1,"Wells, Mrs Arthur H. (Addie Trevaskis)",29,Southampton,"Cornwall / Akron, OH",,,,female
1131,3rd,0,"Petersen, Mr Marius",,,,,,,male
1167,3rd,0,"Saad, Mr Amin",,,,,,,male
1115,3rd,0,"Peacock, Master Alfred Edward",,,,,,,male
611,3rd,0,"Adahl, Mr Mauritz Nils Martin",30,Southampton,"Asarum, Sweden Brooklyn, NY",,7076,-72,male
1101,3rd,0,"Panula, Mr Ernesti Arvid",,,,,,,male
525,2nd,1,"Pallas y Castello, Mr Emilio",,Cherbourg,"Spain / Havana, Cuba",,,,male
592,2nd,0,"Wheeler, Mr Edwin",,Southampton,,,,,male
367,2nd,0,"Chapman, Mrs John Henry (Elizabeth Lawry)",30,Southampton,"Cornwall / Spokane, WA",,,,female
1292,3rd,0,"Widegren, Mr Charles Peter",,,,,,,male
419,2nd,0,"Giles, Mr Ralph",22,Southampton,"West Kensington, London",,,-297,male
854,3rd,0,"Hassan, Mr M. Houssein",,,,,,,male
1104,3rd,0,"Panula, Mrs John",,,,,,,female
844,3rd,0,"Hakkarainen, Mr Pekko Pietari",,,,,,,male
1100,3rd,0,"O'Sullivan, Miss Bridget",,,,,,,female
22,1st,0,"Birnbaum, Mr Jakob",25,Cherbourg,"San Francisco, CA",,,-148,male
558,2nd,1,"Slayter, Miss Hilda Mary",30,Queenstown,"Halifax, NS",,,13,female
623,3rd,0,"Andersen, Mr Albert Karvin",32,Southampton,"Bergen, Norway",,,-260,male
225,1st,1,"Salomon, Mr Abraham L.",,Southampton,"New York, NY",,,1,male
879,3rd,1,"Jansen, Mr Carl Olof",,,,,,,male
31,1st,1,"Bowen, Miss Grace Scott",45,Cherbourg,"Cooperstown, NY",,,4,female
69,1st,0,"Compton, Mr Alexander Taylor, Jr",37,Cherbourg,"Lakewood, NJ",,,,male
1313,3rd,0,"Zimmerman, Leo",,,,,,,male
991,3rd,1,"Mannion, Miss Margareth",,,,,,,female
1156,3rd,0,"Robins, Mrs Alexander A.",,,,,,,female
744,3rd,0,"Daher, Mr Tannous",,Cherbourg,,,,,male
371,2nd,1,"Clarke, Mrs Charles V. (Ada Maria)",,Southampton,"England / San Francisco, CA",,,14,female
497,2nd,0,"Maybery, Mr Frank H.",20,Southampton,"Weston-Super-Mare / Moose Jaw, SK",,,,male
814,3rd,0,"Gallagher, Mr Martin",25,Queenstown,"New York, NY",,,,male
760,3rd,1,"Davison, Mrs Thomas Henry (Mary Finck)",,Southampton,"Liverpool, England Bedford, OH",,,,female
699,3rd,0,"Cacic, Mr Manda",,Southampton,Croatia,,,,male
796,3rd,0,"Emmeth, Mr Thomas",,Southampton,,,,,male
495,2nd,1,"Marshall, Mrs Kate Louise Phillips",19,Southampton,"Worcester, England",,,,female
824,3rd,0,"Goncalves, Mr Manuel Estanslas",38,Southampton,Portugal,,,,male
968,3rd,0,"Lindell, Mrs Edvard Bengtsson",,,,,,,female
725,3rd,0,"Coleff, Mr Fotio",24,Southampton,,,,,male
982,3rd,0,"MacKay, Mr George William",,,,,,,male
834,3rd,0,"Gronnestad, Mr Daniel Danielsen",32,Southampton,"Foresvik, Norway Portland, ND",,,,male
113,1st,0,"Futrelle, Mr Jacques",37,Southampton,"Scituate, MA",,,,male
139,1st,0,"Hilliard, Mr Herbert Henry",,Southampton,"Brighton, MA",,,,male
637,3rd,0,"Arnold, Mr Josef",25,Southampton,"Altdorf, Switzerland",,,,male
279,1st,1,"Wick, Miss Mary Natalie",31,Southampton,"Youngstown, OH",C-7,,8,female
206,1st,1,"Potter, Mrs Thomas, Jr. (Lily Alexenia Wilson)",56,Cherbourg,"Mt Airy, Philadelphia, PA",,,7,female
480,2nd,1,"LaRoche, Miss Simonne",3,Cherbourg,Paris / Haiti,,,,female
522,2nd,1,"Oxenham, Mr Percy Thomas",22,Southampton,"Pondersend, England / New Durham, NJ",,,,male
1264,3rd,1,"Turja, Miss Anna Sofia",,,,,,,female
1241,3rd,0,"Svensson, Mr Olof",,,,,,,male
384,2nd,1,"Davis, Mrs Agnes",49,Southampton,"St Ives, Cornwall / Hancock, MI",,,,female
84,1st,1,"Dick, Mrs Albert Adrian Vera Gillespie",17,Cherbourg,"Calgary, AB",,,3,female
629,3rd,1,"Andersson, Miss Erna",17,Southampton,"Ruotsinphyhtaa, Finland New York, NY",,,,female
439,2nd,1,"Hewlett, Mrs Mary D.",,Southampton,"India / Rapid City, SD",,,13,female
1226,3rd,0,"Stankovic, Mr Jovan",,,,,,,male
697,3rd,0,"Cacic, Mr Grego",18,Southampton,Croatia,,,,male
866,3rd,1,"Hirvonen, Mrs Alexander",,,,,,,female
486,2nd,0,"Louch, Mr Charles Alexander",48,Southampton,"Weston-Super-Mare, Somerset",,,-121,male
670,3rd,0,"Beavan, Mr William Thomas",19,Southampton,England,,,,male
973,3rd,0,"Lobb, Mr William Arthur",,,,,,,male
401,2nd,0,"Eitemiller, Mr George Floyd",23,Southampton,"England / Detroit, MI",,,,male
109,1st,1,"Frauenthal, Mr Isaac Gerald",44,Southampton,"New York, NY",,,5,male
116,1st,1,"Gibson, Miss Dorothy",22,Cherbourg,"New York, NY",,,7,female
537,2nd,1,"Quick, Mrs Frederick C. (Jane Richards)",33,Southampton,"Plymouth, Devon / Detroit, MI",,,11,female
202,1st,0,"Penasco, Mr Victor de Satode",18,Cherbourg,"Madrid, Spain",,,,male
391,2nd,0,"Denbury, Mr Herbert",25,Southampton,"Guernsey / Elizabeth, NJ",,,,male
1276,3rd,0,"Vandewalle, Mr Nestor Cyriel",,,,,,,male
654,3rd,0,"Augustsson, Mr Albert",23,Southampton,"Krakoryd, Sweden Bloomington, IL",,,,male
832,3rd,0,"Goodwin, Master William F.",11,Southampton,"Wiltshire, England Niagara Falls, NY",,,,male
1057,3rd,0,"Nancarrow, Mr William Henry",,,,,,,male
1196,3rd,0,Seman Master Betros,,,,,,,male
1179,3rd,0,"Sage, Miss Stella",,,,,,,female
745,3rd,1,"Dahl, Mr Charles Edward",45,Southampton,"Australia Fingal, ND",,,15,male
136,1st,1,"Hays, Mrs Charles Melville (Clara Jennings Gregg)",52,Southampton,"Montreal, PQ",,,3,female
1120,3rd,0,"Pecruic, Mr Tome",,,,,,,male
184,1st,1,"Mock, Mr Philip E.",,Cherbourg,"New York, NY",,,11,male
1102,3rd,0,"Panula, Mr Jaako Arnold",,,,,,,male
770,3rd,0,"Dennis, Mr Samuel",23,Southampton,,,,,male
1197,3rd,0,"Serota, Mr Maurice",,,,,,,male
1213,3rd,0,"Skoog, Miss Mabel",,,,,,,female
1224,3rd,0,"Spector, Mr Woolf",,,,,,,male
959,3rd,0,"Leinonen, Mr Antti Gustaf",,,,,,,male
259,1st,1,"Taussig, Miss Ruth",18,Southampton,"New York, NY",,,8,female
372,2nd,0,"Coleridge, Mr Reginald Charles",29,Southampton,"Hartford, Huntingdonshire",,,,male
49,1st,1,"Carter, Mrs William Ernest (Lucile Polk)",36,Southampton,"Bryn Mawr, PA",,,4,female
689,3rd,0,"Braund, Mr Lewis Richard",29,Southampton,"Bridgerule, Devon",,,,male
1260,3rd,0,"Touma (Thomas), Mrs Darwin",,,,,,,female
160,1st,1,"Leader, Dr Alice Farnham",,Southampton,"New York, NY",,,8,female
10,1st,0,"Artagaveytia, Mr Ramon",71,Cherbourg,"Montevideo, Uruguay",,,-22,male
220,1st,1,"Ryerson, Mrs Arthur Larned (Emily Maria Borie)",48,Cherbourg,"Haverford, PA / Cooperstown, NY",,17608 L262 7s 6d,4,female
877,3rd,0,"Ilmakangas, Miss Pieta Sofia",,,,,,,female
944,3rd,0,"Laleff, Mr Kristo",,,,,,,male
1134,3rd,0,"Petroff, Mr Pentcho",,,,,,,male
1194,3rd,0,"Scanlan, Mr James",,,,,,,male
947,3rd,1,"Landegren, Miss Aurora Adelia",,,,,,,female
1186,3rd,0,"Samaan, Mr Hanna",,,,,,,male
218,1st,0,"Rowe, Mr Alfred G.",,Southampton,London,,,-109,male
462,2nd,0,"Jenkin, Mr Stephen Curnow",,Southampton,"St Ives, Cornwall / Houghton, MI",,,,male
986,3rd,0,"Mahon, Miss Delia",,,,,,,female
224,1st,1,"Saalfeld, Mr Adolphe",,Southampton,"Manchester, England",,,3,male
587,2nd,1,"West, Miss Barbara J.",,Southampton,"Bournmouth, England",,,,female
226,1st,1,"Schabert, Mrs Paul (Emma Mock)",,Cherbourg,"New York, NY",,,11,female
1304,3rd,0,"Yasbeck, Mr Antoni",,,,,,,male
61,1st,1,"Chevre, Mr Paul",,Cherbourg,"Paris, France",,,7,male
1206,3rd,0,"Sivic, Mr Husen",,,,,,,male
77,1st,1,"Cumings, Mrs John Bradley (Florence Briggs Thayer)",38,Cherbourg,"New York, NY",C-85,,4,female
1007,3rd,0,"McGowan, Miss Anna",,,,,,,female
469,2nd,1,"Kelly, Mrs Florence (Fannie)",45,Southampton,"London / New York, NY",,,,female
916,3rd,0,"Karun, Mr Franz",,,,,,,male
1018,3rd,0,"Mihoff, Mr Stoytcho",,,,,,,male
21,1st,1,"Behr, Mr Karl Howell",26,Cherbourg,"New York, NY",C-148,,5,male
1163,3rd,0,"Rouse, Mr Richard Henry",,,,,,,male
1155,3rd,0,"Robins, Mr Alexander A.",,,,,,,male
44,1st,1,"Cardeza, Mr Thomas Drake Martinez",36,Cherbourg,"Austria-Hungary / Germantown, Philadelphia, PA",B-51/3/5,17755 L512 6s,3,male
1011,3rd,0,"McNamee, Mrs Neal",,,,,,,female
765,3rd,0,"Delalic, Mr Regyo",25,Southampton,,,,,male
534,2nd,0,"Ponesell, Mr Martin",34,Southampton,"Denmark / New York, NY",,250647,,male
911,3rd,0,"Karajic, Mr Milan",,,,,,,male
97,1st,1,"Flegenheim, Mrs Alfred (Antoinette)",,Cherbourg,"New York, NY",,,7,female
452,2nd,1,"Hosono, Mr Masafumi",41,Southampton,"Tokyo, Japan",,,13,male
1133,3rd,0,"Petroff, Mr Nedeca",,,,,,,male
1114,3rd,0,"Pavlovic, Mr Stefo",,,,,,,male
964,3rd,0,"Lester, Mr James",,,,,,,male
161,1st,0,"Lewy, Mr Ervin G.",,Cherbourg,"Chicago, IL",,,,male
1123,3rd,1,"Pekoniemi, Mr Edvard",,,,,,,male
380,2nd,0,"Corey, Mrs Percy C. (Mary Phyllis Elizabeth Miller)",,Southampton,"Upper Burma, India Pittsburgh, PA",,,,female
794,3rd,0,"Elsbury, Mr James",47,Southampton,"Illinois, USA",,,,male
1187,3rd,0,"Samaan, Mr Youssef",,,,,,,male
1141,3rd,0,"Raibid, Mr Razi",,,,,,,male
675,3rd,0,"Birkeland, Mr Hans",21,Southampton,"Brennes, Norway New York",,,,male
1178,3rd,0,"Sage, Mrs John",,,,,,,female
1137,3rd,1,"Pickard (Trembisky), Mr Berk",,,,,,,male
219,1st,0,"Ryerson, Mr Arthur Larned",61,Cherbourg,"Haverford, PA / Cooperstown, NY",,17608 L262 7s 6d,,male
846,3rd,0,"Hampe, Mr Leon",,,,,,,male
375,2nd,0,"Collyer, Mr Harvey",35,Southampton,"Bishopstoke, Hants / Fayette Valley, ID",,,,male
612,3rd,0,"Adams, Mr John",26,Southampton,"Bournemouth, England",,,-103,male
839,3rd,0,"Gustafsson, Mr Karl Gideon",19,Southampton,"Myren, Sweden New York, NY",,,,male
482,2nd,1,"Leitch, Miss Jessie",,Southampton,"London / Chicago, IL",,,11,female
599,2nd,0,"Aldworth, Mr Charles Augustus",30,Southampton,"Bryn Mawr, PA, USA",,248744 L13,,male
549,2nd,0,"Rogers, Mr Harry",,Southampton,,,,,male
374,2nd,1,"Collett, Mr Sidney C. Stuart",24,Southampton,"London / Fort Byron, NY",,,9,male
1075,3rd,0,"Nysveen, Mr Johan H.",,,,,,,male
42,1st,1,"Candee, Mrs Edward (Helen Churchill Hungerford)",53,Cherbourg,"Washington, DC",,,6,female
145,1st,1,"Holverson, Mrs Alexander Oskar (Mary Aline Towner)",35,Southampton,"New York, NY",,,,female
280,1st,0,"Widener, Mr George Dunton",50,Cherbourg,"Elkins Park, PA",,,,male
137,1st,1,"Hays, Miss Margaret Bechstein",24,Southampton,"New York, NY",,,7,female
958,3rd,0,"Lefebre, Miss Mathilde",,,,,,,female
376,2nd,1,"Collyer, Mrs Harvey (Charlotte Tate)",31,Southampton,"Bishopstoke, Hants / Fayette Valley, ID",,,14,female
59,1st,1,"Chambers, Mrs Norman Campbell (Bertha Griggs)",31,Southampton,"New York, NY / Ithaca, NY",,,5,female
304,1st,1,"Geiger, Miss Emily ",,Cherbourg,,,,,female
3,1st,0,"Allison, Mr Hudson Joshua Creighton",30,Southampton,"Montreal, PQ / Chesterville, ON",C26,,-135,male
850,3rd,0,"Hansen, Mr Henry Damsgaard",,,,,,,male
890,3rd,1,"Johansson, Mr Karl Johan",,,,,,,male
352,2nd,0,"Bryhl, Mr Kurt Arnold Gottfrid",25,Southampton,"Skara, Sweden / Rockford, IL",,,,male
454,2nd,0,"Howard, Mrs Benjamin (Ellen Truelove)",,Southampton,"Swindon, England",,,,female
86,1st,1,"Dodge, Mrs Washington (Ruth Vidaver)",,Southampton,"San Francisco, CA",,,7-May,female
32,1st,1,"Bowerman, Miss Elsie Edith",22,Southampton,"St Leonards-on-Sea, England Ohio",,,6,female
727,3rd,0,"Conlin, Mr Thomas Henry",31,Queenstown,"Philadelphia, PA",,,,male
1298,3rd,0,"Williams, Mr Leslie",,,,,,,male
264,1st,1,"Thayer, Mr John Borland, jr.",17,Cherbourg,"Haverford, PA",,,B,male
941,3rd,1,"Krekorian, Mr Neshan",,,,,,,male
1240,3rd,1,"Svensson, Mr Johan Cervin",,,,,,,male
500,2nd,0,"McKane, Mr Peter D.",46,Southampton,"Rochester, NY",,,,male
429,2nd,1,"Harper, Miss Nina",6,Southampton,"Denmark Hill, Surrey / Chicago",,,11,female
306,1st,0,"Harrington, Mr Charles",,Southampton,,,,,male
870,3rd,1,"Honkanen, Miss Eluna",,,,,,,female
937,3rd,0,"Klasen, Miss Gertrud Emilia",,,,,,,female
15,1st,0,"Baumann, Mr John D.",,Southampton,"New York, NY",,,,male
1151,3rd,0,"Rintamaki, Mr Matti",,,,,,,male
124,1st,1,"Graham, Mrs William Thompson (Edith Junkins)",58,Southampton,"Greenwich, CT",C-91,17582 L153 9s 3d,3,female
1170,3rd,0,"Sadowitz, Mr Harry",,,,,,,male
129,1st,1,"Harder, Mrs George Achilles (Dorothy Annan)",21,Cherbourg,"Brooklyn, NY",,,5,female
899,3rd,0,"Johnston, Mr Andrew G.",,,,,,,male
617,3rd,1,"Aks, Master Philip",0.8333,Southampton,"London, England Norfolk, VA",,392091,11,male
